# inicio_ms,1789834588441
# RTV V3.6 - diario de campana (evento,campos...). Solo se anade.
SERIE,S001,"2026-09-19T09:57:03-0500",SLV-002,"00:21:13:05:19:3B",V3.6 2026-09-19 (3.6.1) DEF mascara 0000,P34,0,e
DISPARO,S001,1,"2026-09-19T09:57:06-0500","::956",956,1
DISPARO,S001,2,"2026-09-19T09:57:08-0500","::950",950,1
DISPARO,S001,3,"2026-09-19T09:57:10-0500","::950",950,1
DISPARO,S001,4,"2026-09-19T09:57:11-0500","::946",946,1
DISPARO,S001,5,"2026-09-19T09:57:13-0500","::967",967,1
DISPARO,S001,6,"2026-09-19T09:57:14-0500","::962",962,1
DISPARO,S001,7,"2026-09-19T09:57:16-0500","::962",962,1
DISPARO,S001,8,"2026-09-19T09:57:18-0500","::965",965,1
DISPARO,S001,9,"2026-09-19T09:57:19-0500","::967",967,1
VEREDICTO,S001,OK,1,"importada de primary: MyDocuments/retro/DOC-20260919-WA0052.zip md5 4c50dbf63d53bd7f53cbd9856a0e5805, serie S001"
SERIE,S002,"2026-09-19T09:58:13-0500",SLV-002,"00:21:13:05:19:3B",V3.6 2026-09-19 (3.6.1) DEF mascara 0000,P37,0,e
DISPARO,S002,1,"2026-09-19T09:58:16-0500","::990",990,1
DISPARO,S002,2,"2026-09-19T09:58:18-0500","::992",992,1
DISPARO,S002,3,"2026-09-19T09:58:19-0500","::998",998,1
DISPARO,S002,4,"2026-09-19T09:58:21-0500","::987",987,1
DISPARO,S002,5,"2026-09-19T09:58:23-0500","::990",990,1
DISPARO,S002,6,"2026-09-19T09:58:24-0500","::990",990,1
DISPARO,S002,7,"2026-09-19T09:58:26-0500","::991",991,1
DISPARO,S002,8,"2026-09-19T09:58:27-0500","::997",997,1
DISPARO,S002,9,"2026-09-19T09:58:29-0500","::1000",1000,1
DESCARTE,S002,9,"descolgado: 1000 a 9 cuentas de la mediana 991 (limite 8 = 5 s robusta)"
VEREDICTO,S002,DUDOSO,0,"repetida | importada de primary: MyDocuments/retro/DOC-20260919-WA0052.zip md5 4c50dbf63d53bd7f53cbd9856a0e5805, serie S002"
SERIE,S003,"2026-09-19T09:58:49-0500",SLV-002,"00:21:13:05:19:3B",V3.6 2026-09-19 (3.6.1) DEF mascara 0000,P37,0,e
DISPARO,S003,1,"2026-09-19T09:58:52-0500","::985",985,1
DISPARO,S003,2,"2026-09-19T09:58:53-0500","::996",996,1
DISPARO,S003,3,"2026-09-19T09:58:55-0500","::991",991,1
DISPARO,S003,4,"2026-09-19T09:58:56-0500","::988",988,1
DISPARO,S003,5,"2026-09-19T09:58:58-0500","::998",998,1
DISPARO,S003,6,"2026-09-19T09:59:00-0500","::991",991,1
DISPARO,S003,7,"2026-09-19T09:59:01-0500","::988",988,1
DISPARO,S003,8,"2026-09-19T09:59:03-0500","::993",993,1
DISPARO,S003,9,"2026-09-19T09:59:04-0500","::1002",1002,1
VEREDICTO,S003,DUDOSO,1,"Es papel de baja calidad | importada de primary: MyDocuments/retro/DOC-20260919-WA0052.zip md5 4c50dbf63d53bd7f53cbd9856a0e5805, serie S003"
SERIE,S004,"2026-09-19T09:59:54-0500",SLV-002,"00:21:13:05:19:3B",V3.6 2026-09-19 (3.6.1) DEF mascara 0000,P38,0,e
DISPARO,S004,1,"2026-09-19T09:59:56-0500","::741",741,1
DISPARO,S004,2,"2026-09-19T09:59:58-0500","::750",750,1
DISPARO,S004,3,"2026-09-19T10:00:00-0500","::738",738,1
DISPARO,S004,4,"2026-09-19T10:00:01-0500","::739",739,1
DISPARO,S004,5,"2026-09-19T10:00:03-0500","::744",744,1
DISPARO,S004,6,"2026-09-19T10:00:04-0500","::750",750,1
DISPARO,S004,7,"2026-09-19T10:00:06-0500","::740",740,1
DISPARO,S004,8,"2026-09-19T10:00:08-0500","::750",750,1
DISPARO,S004,9,"2026-09-19T10:00:09-0500","::743",743,1
VEREDICTO,S004,OK,1,"importada de primary: MyDocuments/retro/DOC-20260919-WA0052.zip md5 4c50dbf63d53bd7f53cbd9856a0e5805, serie S004"
SERIE,S005,"2026-09-19T10:00:31-0500",SLV-002,"00:21:13:05:19:3B",V3.6 2026-09-19 (3.6.1) DEF mascara 0000,P39,0,e
DISPARO,S005,1,"2026-09-19T10:00:34-0500","::729",729,1
DISPARO,S005,2,"2026-09-19T10:00:35-0500","::732",732,1
DISPARO,S005,3,"2026-09-19T10:00:37-0500","::733",733,1
DISPARO,S005,4,"2026-09-19T10:00:38-0500","::730",730,1
DISPARO,S005,5,"2026-09-19T10:00:40-0500","::740",740,1
DISPARO,S005,6,"2026-09-19T10:00:42-0500","::734",734,1
DISPARO,S005,7,"2026-09-19T10:00:43-0500","::740",740,1
DISPARO,S005,8,"2026-09-19T10:00:45-0500","::733",733,1
DISPARO,S005,9,"2026-09-19T10:00:46-0500","::738",738,1
VEREDICTO,S005,OK,1,"importada de primary: MyDocuments/retro/DOC-20260919-WA0052.zip md5 4c50dbf63d53bd7f53cbd9856a0e5805, serie S005"
SERIE,S006,"2026-09-19T10:01:46-0500",SLV-002,"00:21:13:05:19:3B",V3.6 2026-09-19 (3.6.1) DEF mascara 0000,P43,0,e
DISPARO,S006,1,"2026-09-19T10:01:48-0500","::1149",1149,1
DISPARO,S006,2,"2026-09-19T10:01:50-0500","::1157",1157,1
DISPARO,S006,3,"2026-09-19T10:01:52-0500","::1145",1145,1
DISPARO,S006,4,"2026-09-19T10:01:53-0500","::1151",1151,1
DISPARO,S006,5,"2026-09-19T10:01:55-0500","::1148",1148,1
DISPARO,S006,6,"2026-09-19T10:01:56-0500","::1160",1160,1
DISPARO,S006,7,"2026-09-19T10:01:58-0500","::1153",1153,1
DISPARO,S006,8,"2026-09-19T10:02:00-0500","::1150",1150,1
DISPARO,S006,9,"2026-09-19T10:02:01-0500","::1149",1149,1
VEREDICTO,S006,OK,1,"importada de primary: MyDocuments/retro/DOC-20260919-WA0052.zip md5 4c50dbf63d53bd7f53cbd9856a0e5805, serie S006"
SERIE,S007,"2026-09-19T10:02:27-0500",SLV-002,"00:21:13:05:19:3B",V3.6 2026-09-19 (3.6.1) DEF mascara 0000,P44,0,e
DISPARO,S007,1,"2026-09-19T10:02:30-0500","::891",891,1
DISPARO,S007,2,"2026-09-19T10:02:31-0500","::902",902,1
DISPARO,S007,3,"2026-09-19T10:02:33-0500","::893",893,1
DISPARO,S007,4,"2026-09-19T10:02:34-0500","::891",891,1
DISPARO,S007,5,"2026-09-19T10:02:36-0500","::903",903,1
DISPARO,S007,6,"2026-09-19T10:02:38-0500","::901",901,1
DISPARO,S007,7,"2026-09-19T10:02:39-0500","::900",900,1
DISPARO,S007,8,"2026-09-19T10:02:41-0500","::903",903,1
DISPARO,S007,9,"2026-09-19T10:02:42-0500","::903",903,1
VEREDICTO,S007,OK,1,"importada de primary: MyDocuments/retro/DOC-20260919-WA0052.zip md5 4c50dbf63d53bd7f53cbd9856a0e5805, serie S007"
SERIE,S008,"2026-09-19T10:03:52-0500",SLV-002,"00:21:13:05:19:3B",V3.6 2026-09-19 (3.6.1) DEF mascara 0000,P49,0,e
DISPARO,S008,1,"2026-09-19T10:03:55-0500","::802",802,1
DISPARO,S008,2,"2026-09-19T10:03:57-0500","::795",795,1
DISPARO,S008,3,"2026-09-19T10:03:58-0500","::797",797,1
DISPARO,S008,4,"2026-09-19T10:04:00-0500","::783",783,1
DISPARO,S008,5,"2026-09-19T10:04:01-0500","::803",803,1
DISPARO,S008,6,"2026-09-19T10:04:03-0500","::800",800,1
DISPARO,S008,7,"2026-09-19T10:04:05-0500","::800",800,1
DISPARO,S008,8,"2026-09-19T10:04:06-0500","::792",792,1
DISPARO,S008,9,"2026-09-19T10:04:08-0500","::803",803,1
VEREDICTO,S008,OK,1,"importada de primary: MyDocuments/retro/DOC-20260919-WA0052.zip md5 4c50dbf63d53bd7f53cbd9856a0e5805, serie S008"
SERIE,S009,"2026-09-19T10:05:10-0500",SLV-002,"00:21:13:05:19:3B",V3.6 2026-09-19 (3.6.1) DEF mascara 0000,P32a,0,e
DISPARO,S009,1,"2026-09-19T10:05:13-0500","::626",626,1
DISPARO,S009,2,"2026-09-19T10:05:14-0500","::629",629,1
DISPARO,S009,3,"2026-09-19T10:05:16-0500","::624",624,1
DISPARO,S009,4,"2026-09-19T10:05:18-0500","::629",629,1
DISPARO,S009,5,"2026-09-19T10:05:19-0500","::636",636,1
DISPARO,S009,6,"2026-09-19T10:05:21-0500","::637",637,1
DISPARO,S009,7,"2026-09-19T10:05:22-0500","::632",632,1
DISPARO,S009,8,"2026-09-19T10:05:24-0500","::635",635,1
DISPARO,S009,9,"2026-09-19T10:05:26-0500","::630",630,1
VEREDICTO,S009,OK,1,"importada de primary: MyDocuments/retro/DOC-20260919-WA0052.zip md5 4c50dbf63d53bd7f53cbd9856a0e5805, serie S009"
SERIE,S010,"2026-09-19T10:05:53-0500",SLV-002,"00:21:13:05:19:3B",V3.6 2026-09-19 (3.6.1) DEF mascara 0000,P32b,0,e
VEREDICTO,S010,SIN_DATOS,0,"ninguna lectura válida | importada de primary: MyDocuments/retro/DOC-20260919-WA0052.zip md5 4c50dbf63d53bd7f53cbd9856a0e5805, serie S010"
SERIE,S011,"2026-09-19T10:07:43-0500",SLV-002,"00:21:13:05:19:3B",V3.6 2026-09-19 (3.6.1) DEF mascara 0000,P33,0,e
DISPARO,S011,1,"2026-09-19T10:07:46-0500","::856",856,1
DISPARO,S011,2,"2026-09-19T10:07:48-0500","::844",844,1
DISPARO,S011,3,"2026-09-19T10:07:50-0500","::856",856,1
DISPARO,S011,4,"2026-09-19T10:07:51-0500","::840",840,1
DISPARO,S011,5,"2026-09-19T10:07:53-0500","::849",849,1
DISPARO,S011,6,"2026-09-19T10:07:54-0500","::858",858,1
DISPARO,S011,7,"2026-09-19T10:07:56-0500","::845",845,1
DISPARO,S011,8,"2026-09-19T10:07:58-0500","::849",849,1
DISPARO,S011,9,"2026-09-19T10:07:59-0500","::851",851,1
VEREDICTO,S011,OK,1,"importada de primary: MyDocuments/retro/DOC-20260919-WA0052.zip md5 4c50dbf63d53bd7f53cbd9856a0e5805, serie S011"
SERIE,S012,"2026-09-19T10:08:20-0500",SLV-002,"00:21:13:05:19:3B",V3.6 2026-09-19 (3.6.1) DEF mascara 0000,P35,0,e
DISPARO,S012,1,"2026-09-19T10:08:23-0500","::1108",1108,1
DISPARO,S012,2,"2026-09-19T10:08:25-0500","::1111",1111,1
DISPARO,S012,3,"2026-09-19T10:08:26-0500","::1125",1125,1
DISPARO,S012,4,"2026-09-19T10:08:28-0500","::1113",1113,1
DISPARO,S012,5,"2026-09-19T10:08:30-0500","::1117",1117,1
DISPARO,S012,6,"2026-09-19T10:08:31-0500","::1111",1111,1
DISPARO,S012,7,"2026-09-19T10:08:33-0500","::1114",1114,1
DISPARO,S012,8,"2026-09-19T10:08:34-0500","::1116",1116,1
DISPARO,S012,9,"2026-09-19T10:08:36-0500","::1117",1117,1
VEREDICTO,S012,OK,1,"importada de primary: MyDocuments/retro/DOC-20260919-WA0052.zip md5 4c50dbf63d53bd7f53cbd9856a0e5805, serie S012"
SERIE,S013,"2026-09-19T10:08:53-0500",SLV-002,"00:21:13:05:19:3B",V3.6 2026-09-19 (3.6.1) DEF mascara 0000,P36,0,e
DISPARO,S013,1,"2026-09-19T10:08:55-0500","::639",639,1
DISPARO,S013,2,"2026-09-19T10:08:57-0500","::627",627,1
DISPARO,S013,3,"2026-09-19T10:08:59-0500","::642",642,1
DISPARO,S013,4,"2026-09-19T10:09:00-0500","::645",645,1
DISPARO,S013,5,"2026-09-19T10:09:02-0500","::634",634,1
DISPARO,S013,6,"2026-09-19T10:09:03-0500","::644",644,1
DISPARO,S013,7,"2026-09-19T10:09:05-0500","::642",642,1
DISPARO,S013,8,"2026-09-19T10:09:07-0500","::640",640,1
DISPARO,S013,9,"2026-09-19T10:09:08-0500","::636",636,1
VEREDICTO,S013,OK,1,"importada de primary: MyDocuments/retro/DOC-20260919-WA0052.zip md5 4c50dbf63d53bd7f53cbd9856a0e5805, serie S013"
SERIE,S014,"2026-09-19T10:09:27-0500",SLV-002,"00:21:13:05:19:3B",V3.6 2026-09-19 (3.6.1) DEF mascara 0000,P40,0,e
DISPARO,S014,1,"2026-09-19T10:09:30-0500","::626",626,1
DISPARO,S014,2,"2026-09-19T10:09:31-0500","::629",629,1
DISPARO,S014,3,"2026-09-19T10:09:33-0500","::620",620,1
DISPARO,S014,4,"2026-09-19T10:09:34-0500","::622",622,1
DISPARO,S014,5,"2026-09-19T10:09:36-0500","::630",630,1
DISPARO,S014,6,"2026-09-19T10:09:38-0500","::619",619,1
DISPARO,S014,7,"2026-09-19T10:09:39-0500","::629",629,1
DISPARO,S014,8,"2026-09-19T10:09:41-0500","::624",624,1
DISPARO,S014,9,"2026-09-19T10:09:42-0500","::623",623,1
VEREDICTO,S014,OK,1,"importada de primary: MyDocuments/retro/DOC-20260919-WA0052.zip md5 4c50dbf63d53bd7f53cbd9856a0e5805, serie S014"
SERIE,S015,"2026-09-19T10:09:52-0500",SLV-002,"00:21:13:05:19:3B",V3.6 2026-09-19 (3.6.1) DEF mascara 0000,P41,0,e
DISPARO,S015,1,"2026-09-19T10:09:55-0500","::895",895,1
DISPARO,S015,2,"2026-09-19T10:09:56-0500","::900",900,1
DISPARO,S015,3,"2026-09-19T10:09:58-0500","::895",895,1
DISPARO,S015,4,"2026-09-19T10:09:59-0500","::898",898,1
DISPARO,S015,5,"2026-09-19T10:10:01-0500","::901",901,1
DISPARO,S015,6,"2026-09-19T10:10:03-0500","::896",896,1
DISPARO,S015,7,"2026-09-19T10:10:04-0500","::900",900,1
DISPARO,S015,8,"2026-09-19T10:10:06-0500","::893",893,1
DISPARO,S015,9,"2026-09-19T10:10:07-0500","::910",910,1
VEREDICTO,S015,OK,1,"importada de primary: MyDocuments/retro/DOC-20260919-WA0052.zip md5 4c50dbf63d53bd7f53cbd9856a0e5805, serie S015"
SERIE,S016,"2026-09-19T10:10:22-0500",SLV-002,"00:21:13:05:19:3B",V3.6 2026-09-19 (3.6.1) DEF mascara 0000,P42,0,e
DISPARO,S016,1,"2026-09-19T10:10:25-0500","::587",587,1
DISPARO,S016,2,"2026-09-19T10:10:27-0500","::594",594,1
DISPARO,S016,3,"2026-09-19T10:10:28-0500","::596",596,1
DISPARO,S016,4,"2026-09-19T10:10:30-0500","::592",592,1
DISPARO,S016,5,"2026-09-19T10:10:32-0500","::594",594,1
DISPARO,S016,6,"2026-09-19T10:10:33-0500","::593",593,1
DISPARO,S016,7,"2026-09-19T10:10:35-0500","::589",589,1
DISPARO,S016,8,"2026-09-19T10:10:36-0500","::596",596,1
DISPARO,S016,9,"2026-09-19T10:10:38-0500","::592",592,1
VEREDICTO,S016,OK,1,"importada de primary: MyDocuments/retro/DOC-20260919-WA0052.zip md5 4c50dbf63d53bd7f53cbd9856a0e5805, serie S016"
SERIE,S017,"2026-09-19T10:10:54-0500",SLV-002,"00:21:13:05:19:3B",V3.6 2026-09-19 (3.6.1) DEF mascara 0000,P45,0,e
DISPARO,S017,1,"2026-09-19T10:10:57-0500","::619",619,1
DISPARO,S017,2,"2026-09-19T10:10:58-0500","::607",607,1
DISPARO,S017,3,"2026-09-19T10:11:00-0500","::623",623,1
DISPARO,S017,4,"2026-09-19T10:11:02-0500","::612",612,1
DISPARO,S017,5,"2026-09-19T10:11:03-0500","::618",618,1
DISPARO,S017,6,"2026-09-19T10:11:05-0500","::618",618,1
DISPARO,S017,7,"2026-09-19T10:11:06-0500","::614",614,1
DISPARO,S017,8,"2026-09-19T10:11:08-0500","::619",619,1
DISPARO,S017,9,"2026-09-19T10:11:10-0500","::610",610,1
VEREDICTO,S017,OK,1,"importada de primary: MyDocuments/retro/DOC-20260919-WA0052.zip md5 4c50dbf63d53bd7f53cbd9856a0e5805, serie S017"
SERIE,S018,"2026-09-19T10:11:20-0500",SLV-002,"00:21:13:05:19:3B",V3.6 2026-09-19 (3.6.1) DEF mascara 0000,P46,0,e
DISPARO,S018,1,"2026-09-19T10:11:23-0500","::643",643,1
DISPARO,S018,2,"2026-09-19T10:11:25-0500","::646",646,1
DISPARO,S018,3,"2026-09-19T10:11:26-0500","::644",644,1
DISPARO,S018,4,"2026-09-19T10:11:28-0500","::639",639,1
DISPARO,S018,5,"2026-09-19T10:11:30-0500","::651",651,1
DISPARO,S018,6,"2026-09-19T10:11:31-0500","::645",645,1
DISPARO,S018,7,"2026-09-19T10:11:33-0500","::635",635,1
DISPARO,S018,8,"2026-09-19T10:11:35-0500","::653",653,1
DISPARO,S018,9,"2026-09-19T10:11:36-0500","::643",643,1
VEREDICTO,S018,DUDOSO,1,"Son papeles de mala calidad | importada de primary: MyDocuments/retro/DOC-20260919-WA0052.zip md5 4c50dbf63d53bd7f53cbd9856a0e5805, serie S018"
SERIE,S019,"2026-09-19T10:12:08-0500",SLV-002,"00:21:13:05:19:3B",V3.6 2026-09-19 (3.6.1) DEF mascara 0000,P47,0,e
DISPARO,S019,1,"2026-09-19T10:12:11-0500","::610",610,1
DISPARO,S019,2,"2026-09-19T10:12:13-0500","::602",602,1
DISPARO,S019,3,"2026-09-19T10:12:14-0500","::609",609,1
DISPARO,S019,4,"2026-09-19T10:12:16-0500","::606",606,1
DISPARO,S019,5,"2026-09-19T10:12:17-0500","::605",605,1
DISPARO,S019,6,"2026-09-19T10:12:19-0500","::604",604,1
DISPARO,S019,7,"2026-09-19T10:12:21-0500","::606",606,1
DISPARO,S019,8,"2026-09-19T10:12:22-0500","::606",606,1
DISPARO,S019,9,"2026-09-19T10:12:24-0500","::609",609,1
VEREDICTO,S019,OK,1,"importada de primary: MyDocuments/retro/DOC-20260919-WA0052.zip md5 4c50dbf63d53bd7f53cbd9856a0e5805, serie S019"
SERIE,S020,"2026-09-19T10:12:35-0500",SLV-002,"00:21:13:05:19:3B",V3.6 2026-09-19 (3.6.1) DEF mascara 0000,P48,0,e
DISPARO,S020,1,"2026-09-19T10:12:38-0500","::608",608,1
DISPARO,S020,2,"2026-09-19T10:12:40-0500","::613",613,1
DISPARO,S020,3,"2026-09-19T10:12:41-0500","::603",603,1
DISPARO,S020,4,"2026-09-19T10:12:43-0500","::609",609,1
DISPARO,S020,5,"2026-09-19T10:12:45-0500","::597",597,1
DISPARO,S020,6,"2026-09-19T10:12:46-0500","::604",604,1
DISPARO,S020,7,"2026-09-19T10:12:48-0500","::603",603,1
DISPARO,S020,8,"2026-09-19T10:12:49-0500","::611",611,1
DISPARO,S020,9,"2026-09-19T10:12:51-0500","::601",601,1
VEREDICTO,S020,OK,1,"importada de primary: MyDocuments/retro/DOC-20260919-WA0052.zip md5 4c50dbf63d53bd7f53cbd9856a0e5805, serie S020"
SERIE,S021,"2026-09-19T10:13:02-0500",SLV-002,"00:21:13:05:19:3B",V3.6 2026-09-19 (3.6.1) DEF mascara 0000,P50,0,e
DISPARO,S021,1,"2026-09-19T10:13:05-0500","::885",885,1
DISPARO,S021,2,"2026-09-19T10:13:07-0500","::889",889,1
DISPARO,S021,3,"2026-09-19T10:13:08-0500","::899",899,1
DISPARO,S021,4,"2026-09-19T10:13:10-0500","::895",895,1
DISPARO,S021,5,"2026-09-19T10:13:12-0500","::905",905,1
DISPARO,S021,6,"2026-09-19T10:13:13-0500","::903",903,1
DISPARO,S021,7,"2026-09-19T10:13:15-0500","::901",901,1
DISPARO,S021,8,"2026-09-19T10:13:16-0500","::901",901,1
DISPARO,S021,9,"2026-09-19T10:13:18-0500","::910",910,1
VEREDICTO,S021,DUDOSO,0,"repetida | importada de primary: MyDocuments/retro/DOC-20260919-WA0052.zip md5 4c50dbf63d53bd7f53cbd9856a0e5805, serie S021"
SERIE,S022,"2026-09-19T10:13:20-0500",SLV-002,"00:21:13:05:19:3B",V3.6 2026-09-19 (3.6.1) DEF mascara 0000,P50,0,e
DISPARO,S022,1,"2026-09-19T10:13:23-0500","::908",908,1
DISPARO,S022,2,"2026-09-19T10:13:24-0500","::911",911,1
DISPARO,S022,3,"2026-09-19T10:13:26-0500","::907",907,1
DISPARO,S022,4,"2026-09-19T10:13:28-0500","::904",904,1
DISPARO,S022,5,"2026-09-19T10:13:29-0500","::915",915,1
DISPARO,S022,6,"2026-09-19T10:13:31-0500","::907",907,1
DISPARO,S022,7,"2026-09-19T10:13:32-0500","::900",900,1
DISPARO,S022,8,"2026-09-19T10:13:34-0500","::901",901,1
DISPARO,S022,9,"2026-09-19T10:13:36-0500","::911",911,1
VEREDICTO,S022,DUDOSO,1,"Pap3 de vinilo reflectiva de mala calidad | importada de primary: MyDocuments/retro/DOC-20260919-WA0052.zip md5 4c50dbf63d53bd7f53cbd9856a0e5805, serie S022"
SERIE,S023,"2026-09-19T10:14:43-0500",SLV-002,"00:21:13:05:19:3B",V3.6 2026-09-19 (3.6.1) DEF mascara 0000,P5,0,e
DISPARO,S023,1,"2026-09-19T10:14:46-0500","::2442",2442,1
DISPARO,S023,2,"2026-09-19T10:14:48-0500","::2454",2454,1
DISPARO,S023,3,"2026-09-19T10:14:49-0500","::2459",2459,1
DISPARO,S023,4,"2026-09-19T10:14:51-0500","::2459",2459,1
DISPARO,S023,5,"2026-09-19T10:14:52-0500","::2457",2457,1
DISPARO,S023,6,"2026-09-19T10:14:54-0500","::2458",2458,1
DISPARO,S023,7,"2026-09-19T10:14:56-0500","::2463",2463,1
DISPARO,S023,8,"2026-09-19T10:14:57-0500","::2453",2453,1
DISPARO,S023,9,"2026-09-19T10:14:59-0500","::2466",2466,1
VEREDICTO,S023,OK,1,"importada de primary: MyDocuments/retro/DOC-20260919-WA0052.zip md5 4c50dbf63d53bd7f53cbd9856a0e5805, serie S023"
SERIE,S024,"2026-09-19T10:15:09-0500",SLV-002,"00:21:13:05:19:3B",V3.6 2026-09-19 (3.6.1) DEF mascara 0000,P5,90,e
DISPARO,S024,1,"2026-09-19T10:15:12-0500","::2449",2449,1
DISPARO,S024,2,"2026-09-19T10:15:13-0500","::2453",2453,1
DISPARO,S024,3,"2026-09-19T10:15:15-0500","::2461",2461,1
DISPARO,S024,4,"2026-09-19T10:15:16-0500","::2455",2455,1
DISPARO,S024,5,"2026-09-19T10:15:18-0500","::2458",2458,1
DISPARO,S024,6,"2026-09-19T10:15:20-0500","::2467",2467,1
DISPARO,S024,7,"2026-09-19T10:15:21-0500","::2460",2460,1
DISPARO,S024,8,"2026-09-19T10:15:23-0500","::2465",2465,1
DISPARO,S024,9,"2026-09-19T10:15:24-0500","::2466",2466,1
VEREDICTO,S024,OK,1,"importada de primary: MyDocuments/retro/DOC-20260919-WA0052.zip md5 4c50dbf63d53bd7f53cbd9856a0e5805, serie S024"
SERIE,S025,"2026-09-19T10:15:54-0500",SLV-002,"00:21:13:05:19:3B",V3.6 2026-09-19 (3.6.1) DEF mascara 0000,P1,0,e
DISPARO,S025,1,"2026-09-19T10:15:57-0500","::2953",2953,1
DISPARO,S025,2,"2026-09-19T10:15:58-0500","::2968",2968,1
DISPARO,S025,3,"2026-09-19T10:16:00-0500","::2950",2950,1
DISPARO,S025,4,"2026-09-19T10:16:01-0500","::2964",2964,1
DISPARO,S025,5,"2026-09-19T10:16:03-0500","::2960",2960,1
DISPARO,S025,6,"2026-09-19T10:16:05-0500","::2964",2964,1
DISPARO,S025,7,"2026-09-19T10:16:06-0500","::2956",2956,1
DISPARO,S025,8,"2026-09-19T10:16:08-0500","::2963",2963,1
DISPARO,S025,9,"2026-09-19T10:16:09-0500","::2970",2970,1
VEREDICTO,S025,OK,1,"importada de primary: MyDocuments/retro/DOC-20260919-WA0052.zip md5 4c50dbf63d53bd7f53cbd9856a0e5805, serie S025"
SERIE,S026,"2026-09-19T10:16:35-0500",SLV-002,"00:21:13:05:19:3B",V3.6 2026-09-19 (3.6.1) DEF mascara 0000,P2,0,e
DISPARO,S026,1,"2026-09-19T10:16:37-0500","::2051",2051,1
DISPARO,S026,2,"2026-09-19T10:16:39-0500","::2053",2053,1
DISPARO,S026,3,"2026-09-19T10:16:41-0500","::2063",2063,1
DISPARO,S026,4,"2026-09-19T10:16:42-0500","::2053",2053,1
DISPARO,S026,5,"2026-09-19T10:16:44-0500","::2053",2053,1
DISPARO,S026,6,"2026-09-19T10:16:45-0500","::2064",2064,1
DISPARO,S026,7,"2026-09-19T10:16:47-0500","::2059",2059,1
DISPARO,S026,8,"2026-09-19T10:16:49-0500","::2060",2060,1
DISPARO,S026,9,"2026-09-19T10:16:50-0500","::2071",2071,1
VEREDICTO,S026,OK,1,"importada de primary: MyDocuments/retro/DOC-20260919-WA0052.zip md5 4c50dbf63d53bd7f53cbd9856a0e5805, serie S026"
SERIE,S027,"2026-09-19T10:17:08-0500",SLV-002,"00:21:13:05:19:3B",V3.6 2026-09-19 (3.6.1) DEF mascara 0000,P27,0,e
DISPARO,S027,1,"2026-09-19T10:17:10-0500","::2104",2104,1
DISPARO,S027,2,"2026-09-19T10:17:12-0500","::2107",2107,1
DISPARO,S027,3,"2026-09-19T10:17:14-0500","::2112",2112,1
DISPARO,S027,4,"2026-09-19T10:17:15-0500","::2112",2112,1
DISPARO,S027,5,"2026-09-19T10:17:17-0500","::2102",2102,1
DISPARO,S027,6,"2026-09-19T10:17:18-0500","::2116",2116,1
DISPARO,S027,7,"2026-09-19T10:17:20-0500","::2121",2121,1
DISPARO,S027,8,"2026-09-19T10:17:22-0500","::2112",2112,1
DISPARO,S027,9,"2026-09-19T10:17:23-0500","::2114",2114,1
VEREDICTO,S027,OK,1,"importada de primary: MyDocuments/retro/DOC-20260919-WA0052.zip md5 4c50dbf63d53bd7f53cbd9856a0e5805, serie S027"
SERIE,S028,"2026-09-19T10:17:42-0500",SLV-002,"00:21:13:05:19:3B",V3.6 2026-09-19 (3.6.1) DEF mascara 0000,P28,0,e
DISPARO,S028,1,"2026-09-19T10:17:45-0500","::2267",2267,1
DISPARO,S028,2,"2026-09-19T10:17:46-0500","::2279",2279,1
DISPARO,S028,3,"2026-09-19T10:17:48-0500","::2271",2271,1
DISPARO,S028,4,"2026-09-19T10:17:50-0500","::2283",2283,1
DISPARO,S028,5,"2026-09-19T10:17:51-0500","::2285",2285,1
DISPARO,S028,6,"2026-09-19T10:17:53-0500","::2275",2275,1
DISPARO,S028,7,"2026-09-19T10:17:54-0500","::2272",2272,1
DISPARO,S028,8,"2026-09-19T10:17:56-0500","::2289",2289,1
DISPARO,S028,9,"2026-09-19T10:17:58-0500","::2280",2280,1
VEREDICTO,S028,OK,1,"importada de primary: MyDocuments/retro/DOC-20260919-WA0052.zip md5 4c50dbf63d53bd7f53cbd9856a0e5805, serie S028"
SERIE,S029,"2026-09-19T10:18:12-0500",SLV-002,"00:21:13:05:19:3B",V3.6 2026-09-19 (3.6.1) DEF mascara 0000,P3,0,e
DISPARO,S029,1,"2026-09-19T10:18:15-0500","::1672",1672,1
DISPARO,S029,2,"2026-09-19T10:18:17-0500","::1678",1678,1
DISPARO,S029,3,"2026-09-19T10:18:18-0500","::1673",1673,1
DISPARO,S029,4,"2026-09-19T10:18:20-0500","::1671",1671,1
DISPARO,S029,5,"2026-09-19T10:18:21-0500","::1669",1669,1
DISPARO,S029,6,"2026-09-19T10:18:23-0500","::1682",1682,1
DISPARO,S029,7,"2026-09-19T10:18:25-0500","::1671",1671,1
DISPARO,S029,8,"2026-09-19T10:18:26-0500","::1676",1676,1
DISPARO,S029,9,"2026-09-19T10:18:28-0500","::1674",1674,1
VEREDICTO,S029,OK,1,"importada de primary: MyDocuments/retro/DOC-20260919-WA0052.zip md5 4c50dbf63d53bd7f53cbd9856a0e5805, serie S029"
SERIE,S030,"2026-09-19T10:18:41-0500",SLV-002,"00:21:13:05:19:3B",V3.6 2026-09-19 (3.6.1) DEF mascara 0000,P4,0,e
DISPARO,S030,1,"2026-09-19T10:18:44-0500","::3307",3307,1
DISPARO,S030,2,"2026-09-19T10:18:45-0500","::3307",3307,1
DISPARO,S030,3,"2026-09-19T10:18:47-0500","::3315",3315,1
DISPARO,S030,4,"2026-09-19T10:18:48-0500","::3312",3312,1
DISPARO,S030,5,"2026-09-19T10:18:50-0500","::3325",3325,1
DISPARO,S030,6,"2026-09-19T10:18:52-0500","::3319",3319,1
DISPARO,S030,7,"2026-09-19T10:18:53-0500","::3329",3329,1
DISPARO,S030,8,"2026-09-19T10:18:55-0500","::3312",3312,1
DISPARO,S030,9,"2026-09-19T10:18:56-0500","::3316",3316,1
VEREDICTO,S030,OK,1,"importada de primary: MyDocuments/retro/DOC-20260919-WA0052.zip md5 4c50dbf63d53bd7f53cbd9856a0e5805, serie S030"
SERIE,S031,"2026-09-19T10:19:08-0500",SLV-002,"00:21:13:05:19:3B",V3.6 2026-09-19 (3.6.1) DEF mascara 0000,P6,0,e
DISPARO,S031,1,"2026-09-19T10:19:11-0500","::3165",3165,1
DISPARO,S031,2,"2026-09-19T10:19:12-0500","::3160",3160,1
DISPARO,S031,3,"2026-09-19T10:19:14-0500","::3168",3168,1
DISPARO,S031,4,"2026-09-19T10:19:15-0500","::3169",3169,1
DISPARO,S031,5,"2026-09-19T10:19:17-0500","::3172",3172,1
DISPARO,S031,6,"2026-09-19T10:19:19-0500","::3178",3178,1
DISPARO,S031,7,"2026-09-19T10:19:20-0500","::3165",3165,1
DISPARO,S031,8,"2026-09-19T10:19:22-0500","::3172",3172,1
DISPARO,S031,9,"2026-09-19T10:19:23-0500","::3167",3167,1
VEREDICTO,S031,OK,1,"importada de primary: MyDocuments/retro/DOC-20260919-WA0052.zip md5 4c50dbf63d53bd7f53cbd9856a0e5805, serie S031"
SERIE,S032,"2026-09-19T10:19:34-0500",SLV-002,"00:21:13:05:19:3B",V3.6 2026-09-19 (3.6.1) DEF mascara 0000,P7,0,e
DISPARO,S032,1,"2026-09-19T10:19:36-0500","::3116",3116,1
DISPARO,S032,2,"2026-09-19T10:19:38-0500","::3128",3128,1
DISPARO,S032,3,"2026-09-19T10:19:40-0500","::3120",3120,1
DISPARO,S032,4,"2026-09-19T10:19:41-0500","::3125",3125,1
DISPARO,S032,5,"2026-09-19T10:19:43-0500","::3121",3121,1
DISPARO,S032,6,"2026-09-19T10:19:44-0500","::3127",3127,1
DISPARO,S032,7,"2026-09-19T10:19:46-0500","::3130",3130,1
DISPARO,S032,8,"2026-09-19T10:19:48-0500","::3120",3120,1
DISPARO,S032,9,"2026-09-19T10:19:49-0500","::3115",3115,1
VEREDICTO,S032,OK,1,"importada de primary: MyDocuments/retro/DOC-20260919-WA0052.zip md5 4c50dbf63d53bd7f53cbd9856a0e5805, serie S032"
SERIE,S033,"2026-09-19T10:20:19-0500",SLV-002,"00:21:13:05:19:3B",V3.6 2026-09-19 (3.6.1) DEF mascara 0000,P8,0,e
DISPARO,S033,1,"2026-09-19T10:20:22-0500","::2523",2523,1
DISPARO,S033,2,"2026-09-19T10:20:23-0500","::2533",2533,1
DISPARO,S033,3,"2026-09-19T10:20:25-0500","::2525",2525,1
DISPARO,S033,4,"2026-09-19T10:20:26-0500","::2533",2533,1
DISPARO,S033,5,"2026-09-19T10:20:28-0500","::2537",2537,1
DISPARO,S033,6,"2026-09-19T10:20:30-0500","::2533",2533,1
DISPARO,S033,7,"2026-09-19T10:20:31-0500","::2535",2535,1
DISPARO,S033,8,"2026-09-19T10:20:33-0500","::2535",2535,1
DISPARO,S033,9,"2026-09-19T10:20:34-0500","::2542",2542,1
VEREDICTO,S033,OK,1,"importada de primary: MyDocuments/retro/DOC-20260919-WA0052.zip md5 4c50dbf63d53bd7f53cbd9856a0e5805, serie S033"
SERIE,S034,"2026-09-19T10:20:49-0500",SLV-002,"00:21:13:05:19:3B",V3.6 2026-09-19 (3.6.1) DEF mascara 0000,P9,0,e
DISPARO,S034,1,"2026-09-19T10:20:52-0500","::2481",2481,1
DISPARO,S034,2,"2026-09-19T10:20:53-0500","::2481",2481,1
DISPARO,S034,3,"2026-09-19T10:20:55-0500","::2484",2484,1
DISPARO,S034,4,"2026-09-19T10:20:56-0500","::2488",2488,1
DISPARO,S034,5,"2026-09-19T10:20:58-0500","::2490",2490,1
DISPARO,S034,6,"2026-09-19T10:21:00-0500","::2483",2483,1
DISPARO,S034,7,"2026-09-19T10:21:01-0500","::2482",2482,1
DISPARO,S034,8,"2026-09-19T10:21:03-0500","::2480",2480,1
DISPARO,S034,9,"2026-09-19T10:21:04-0500","::2486",2486,1
VEREDICTO,S034,DUDOSO,1,"Ok | importada de primary: MyDocuments/retro/DOC-20260919-WA0052.zip md5 4c50dbf63d53bd7f53cbd9856a0e5805, serie S034"
SERIE,S035,"2026-09-19T10:21:32-0500",SLV-002,"00:21:13:05:19:3B",V3.6 2026-09-19 (3.6.1) DEF mascara 0000,P10,0,e
DISPARO,S035,1,"2026-09-19T10:21:35-0500","::2495",2495,1
DISPARO,S035,2,"2026-09-19T10:21:37-0500","::2495",2495,1
DISPARO,S035,3,"2026-09-19T10:21:38-0500","::2490",2490,1
DISPARO,S035,4,"2026-09-19T10:21:40-0500","::2506",2506,1
DISPARO,S035,5,"2026-09-19T10:21:42-0500","::2507",2507,1
DISPARO,S035,6,"2026-09-19T10:21:43-0500","::2510",2510,1
DISPARO,S035,7,"2026-09-19T10:21:45-0500","::2520",2520,1
DISPARO,S035,8,"2026-09-19T10:21:46-0500","::2514",2514,1
DISPARO,S035,9,"2026-09-19T10:21:48-0500","::2502",2502,1
VEREDICTO,S035,DUDOSO,1,"Ok | importada de primary: MyDocuments/retro/DOC-20260919-WA0052.zip md5 4c50dbf63d53bd7f53cbd9856a0e5805, serie S035"
SERIE,S036,"2026-09-19T10:22:39-0500",SLV-002,"00:21:13:05:19:3B",V3.6 2026-09-19 (3.6.1) DEF mascara 0000,P11,0,e
DISPARO,S036,1,"2026-09-19T10:22:42-0500","::1715",1715,1
DISPARO,S036,2,"2026-09-19T10:22:44-0500","::1721",1721,1
DISPARO,S036,3,"2026-09-19T10:22:46-0500","::1725",1725,1
DISPARO,S036,4,"2026-09-19T10:22:47-0500","::1722",1722,1
DISPARO,S036,5,"2026-09-19T10:22:49-0500","::1725",1725,1
DISPARO,S036,6,"2026-09-19T10:22:50-0500","::1718",1718,1
DISPARO,S036,7,"2026-09-19T10:22:52-0500","::1731",1731,1
DISPARO,S036,8,"2026-09-19T10:22:54-0500","::1725",1725,1
DISPARO,S036,9,"2026-09-19T10:22:55-0500","::1724",1724,1
VEREDICTO,S036,OK,1,"importada de primary: MyDocuments/retro/DOC-20260919-WA0052.zip md5 4c50dbf63d53bd7f53cbd9856a0e5805, serie S036"
SERIE,S037,"2026-09-19T10:23:05-0500",SLV-002,"00:21:13:05:19:3B",V3.6 2026-09-19 (3.6.1) DEF mascara 0000,P12,0,e
DISPARO,S037,1,"2026-09-19T10:23:08-0500","::1769",1769,1
DISPARO,S037,2,"2026-09-19T10:23:10-0500","::1756",1756,1
DISPARO,S037,3,"2026-09-19T10:23:11-0500","::1756",1756,1
DISPARO,S037,4,"2026-09-19T10:23:13-0500","::1769",1769,1
DISPARO,S037,5,"2026-09-19T10:23:14-0500","::1747",1747,1
DISPARO,S037,6,"2026-09-19T10:23:16-0500","::1763",1763,1
DISPARO,S037,7,"2026-09-19T10:23:18-0500","::1758",1758,1
DISPARO,S037,8,"2026-09-19T10:23:19-0500","::1768",1768,1
DISPARO,S037,9,"2026-09-19T10:23:21-0500","::1771",1771,1
VEREDICTO,S037,OK,1,"importada de primary: MyDocuments/retro/DOC-20260919-WA0052.zip md5 4c50dbf63d53bd7f53cbd9856a0e5805, serie S037"
SERIE,S038,"2026-09-19T10:23:30-0500",SLV-002,"00:21:13:05:19:3B",V3.6 2026-09-19 (3.6.1) DEF mascara 0000,P13,0,e
DISPARO,S038,1,"2026-09-19T10:23:33-0500","::828",828,1
DISPARO,S038,2,"2026-09-19T10:23:35-0500","::830",830,1
DISPARO,S038,3,"2026-09-19T10:23:36-0500","::832",832,1
DISPARO,S038,4,"2026-09-19T10:23:38-0500","::829",829,1
DISPARO,S038,5,"2026-09-19T10:23:40-0500","::831",831,1
DISPARO,S038,6,"2026-09-19T10:23:41-0500","::831",831,1
DISPARO,S038,7,"2026-09-19T10:23:43-0500","::833",833,1
DISPARO,S038,8,"2026-09-19T10:23:44-0500","::831",831,1
DISPARO,S038,9,"2026-09-19T10:23:46-0500","::833",833,1
VEREDICTO,S038,OK,1,"importada de primary: MyDocuments/retro/DOC-20260919-WA0052.zip md5 4c50dbf63d53bd7f53cbd9856a0e5805, serie S038"
SERIE,S039,"2026-09-19T10:23:57-0500",SLV-002,"00:21:13:05:19:3B",V3.6 2026-09-19 (3.6.1) DEF mascara 0000,P14,0,e
DISPARO,S039,1,"2026-09-19T10:24:00-0500","::846",846,1
DISPARO,S039,2,"2026-09-19T10:24:02-0500","::843",843,1
DISPARO,S039,3,"2026-09-19T10:24:03-0500","::850",850,1
DISPARO,S039,4,"2026-09-19T10:24:05-0500","::846",846,1
DISPARO,S039,5,"2026-09-19T10:24:06-0500","::854",854,1
DISPARO,S039,6,"2026-09-19T10:24:08-0500","::856",856,1
DISPARO,S039,7,"2026-09-19T10:24:10-0500","::848",848,1
DISPARO,S039,8,"2026-09-19T10:24:11-0500","::850",850,1
DISPARO,S039,9,"2026-09-19T10:24:13-0500","::849",849,1
VEREDICTO,S039,OK,1,"importada de primary: MyDocuments/retro/DOC-20260919-WA0052.zip md5 4c50dbf63d53bd7f53cbd9856a0e5805, serie S039"
SERIE,S040,"2026-09-19T10:24:22-0500",SLV-002,"00:21:13:05:19:3B",V3.6 2026-09-19 (3.6.1) DEF mascara 0000,P15,0,e
DISPARO,S040,1,"2026-09-19T10:24:25-0500","::841",841,1
DISPARO,S040,2,"2026-09-19T10:24:26-0500","::843",843,1
DISPARO,S040,3,"2026-09-19T10:24:28-0500","::847",847,1
DISPARO,S040,4,"2026-09-19T10:24:29-0500","::841",841,1
DISPARO,S040,5,"2026-09-19T10:24:31-0500","::840",840,1
DISPARO,S040,6,"2026-09-19T10:24:33-0500","::841",841,1
DISPARO,S040,7,"2026-09-19T10:24:34-0500","::847",847,1
DISPARO,S040,8,"2026-09-19T10:24:36-0500","::835",835,1
DISPARO,S040,9,"2026-09-19T10:24:37-0500","::854",854,1
VEREDICTO,S040,DUDOSO,1,"Ok | importada de primary: MyDocuments/retro/DOC-20260919-WA0052.zip md5 4c50dbf63d53bd7f53cbd9856a0e5805, serie S040"
SERIE,S041,"2026-09-19T10:24:54-0500",SLV-002,"00:21:13:05:19:3B",V3.6 2026-09-19 (3.6.1) DEF mascara 0000,P16,0,e
DISPARO,S041,1,"2026-09-19T10:24:57-0500","::846",846,1
DISPARO,S041,2,"2026-09-19T10:24:58-0500","::848",848,1
DISPARO,S041,3,"2026-09-19T10:25:00-0500","::850",850,1
DISPARO,S041,4,"2026-09-19T10:25:02-0500","::847",847,1
DISPARO,S041,5,"2026-09-19T10:25:03-0500","::848",848,1
DISPARO,S041,6,"2026-09-19T10:25:05-0500","::839",839,1
DISPARO,S041,7,"2026-09-19T10:25:06-0500","::845",845,1
DISPARO,S041,8,"2026-09-19T10:25:08-0500","::852",852,1
DISPARO,S041,9,"2026-09-19T10:25:10-0500","::845",845,1
VEREDICTO,S041,DUDOSO,1,"Ok | importada de primary: MyDocuments/retro/DOC-20260919-WA0052.zip md5 4c50dbf63d53bd7f53cbd9856a0e5805, serie S041"
SERIE,S042,"2026-09-19T10:25:24-0500",SLV-002,"00:21:13:05:19:3B",V3.6 2026-09-19 (3.6.1) DEF mascara 0000,P17,0,e
DISPARO,S042,1,"2026-09-19T10:25:26-0500","::824",824,1
DISPARO,S042,2,"2026-09-19T10:25:28-0500","::827",827,1
DISPARO,S042,3,"2026-09-19T10:25:30-0500","::824",824,1
DISPARO,S042,4,"2026-09-19T10:25:31-0500","::824",824,1
DISPARO,S042,5,"2026-09-19T10:25:33-0500","::833",833,1
DISPARO,S042,6,"2026-09-19T10:25:34-0500","::825",825,1
DISPARO,S042,7,"2026-09-19T10:25:36-0500","::836",836,1
DISPARO,S042,8,"2026-09-19T10:25:38-0500","::836",836,1
DISPARO,S042,9,"2026-09-19T10:25:39-0500","::827",827,1
VEREDICTO,S042,OK,1,"importada de primary: MyDocuments/retro/DOC-20260919-WA0052.zip md5 4c50dbf63d53bd7f53cbd9856a0e5805, serie S042"
SERIE,S043,"2026-09-19T10:25:48-0500",SLV-002,"00:21:13:05:19:3B",V3.6 2026-09-19 (3.6.1) DEF mascara 0000,P18,0,e
DISPARO,S043,1,"2026-09-19T10:25:51-0500","::811",811,1
DISPARO,S043,2,"2026-09-19T10:25:53-0500","::809",809,1
DISPARO,S043,3,"2026-09-19T10:25:54-0500","::812",812,1
DISPARO,S043,4,"2026-09-19T10:25:56-0500","::808",808,1
DISPARO,S043,5,"2026-09-19T10:25:57-0500","::805",805,1
DISPARO,S043,6,"2026-09-19T10:25:59-0500","::811",811,1
DISPARO,S043,7,"2026-09-19T10:26:01-0500","::826",826,1
DISPARO,S043,8,"2026-09-19T10:26:02-0500","::816",816,1
DISPARO,S043,9,"2026-09-19T10:26:04-0500","::823",823,1
VEREDICTO,S043,OK,1,"importada de primary: MyDocuments/retro/DOC-20260919-WA0052.zip md5 4c50dbf63d53bd7f53cbd9856a0e5805, serie S043"
SERIE,S044,"2026-09-19T10:26:11-0500",SLV-002,"00:21:13:05:19:3B",V3.6 2026-09-19 (3.6.1) DEF mascara 0000,P19,0,e
DISPARO,S044,1,"2026-09-19T10:26:14-0500","::820",820,1
DISPARO,S044,2,"2026-09-19T10:26:16-0500","::822",822,1
DISPARO,S044,3,"2026-09-19T10:26:17-0500","::831",831,1
DISPARO,S044,4,"2026-09-19T10:26:19-0500","::823",823,1
DISPARO,S044,5,"2026-09-19T10:26:21-0500","::824",824,1
DISPARO,S044,6,"2026-09-19T10:26:22-0500","::818",818,1
DISPARO,S044,7,"2026-09-19T10:26:24-0500","::823",823,1
DISPARO,S044,8,"2026-09-19T10:26:25-0500","::825",825,1
DISPARO,S044,9,"2026-09-19T10:26:27-0500","::826",826,1
VEREDICTO,S044,OK,1,"importada de primary: MyDocuments/retro/DOC-20260919-WA0052.zip md5 4c50dbf63d53bd7f53cbd9856a0e5805, serie S044"
SERIE,S045,"2026-09-19T10:26:36-0500",SLV-002,"00:21:13:05:19:3B",V3.6 2026-09-19 (3.6.1) DEF mascara 0000,P20,0,e
DISPARO,S045,1,"2026-09-19T10:26:39-0500","::2774",2774,1
DISPARO,S045,2,"2026-09-19T10:26:40-0500","::2784",2784,1
DISPARO,S045,3,"2026-09-19T10:26:42-0500","::2786",2786,1
DISPARO,S045,4,"2026-09-19T10:26:44-0500","::2798",2798,1
DISPARO,S045,5,"2026-09-19T10:26:45-0500","::2792",2792,1
DISPARO,S045,6,"2026-09-19T10:26:47-0500","::2788",2788,1
DISPARO,S045,7,"2026-09-19T10:26:48-0500","::2784",2784,1
DISPARO,S045,8,"2026-09-19T10:26:50-0500","::2783",2783,1
DISPARO,S045,9,"2026-09-19T10:26:52-0500","::2800",2800,1
VEREDICTO,S045,OK,1,"importada de primary: MyDocuments/retro/DOC-20260919-WA0052.zip md5 4c50dbf63d53bd7f53cbd9856a0e5805, serie S045"
SERIE,S046,"2026-09-19T10:27:00-0500",SLV-002,"00:21:13:05:19:3B",V3.6 2026-09-19 (3.6.1) DEF mascara 0000,P21,0,e
DISPARO,S046,1,"2026-09-19T10:27:02-0500","::1559",1559,1
DISPARO,S046,2,"2026-09-19T10:27:04-0500","::1555",1555,1
DISPARO,S046,3,"2026-09-19T10:27:06-0500","::1563",1563,1
DISPARO,S046,4,"2026-09-19T10:27:07-0500","::1561",1561,1
DISPARO,S046,5,"2026-09-19T10:27:09-0500","::1565",1565,1
DISPARO,S046,6,"2026-09-19T10:27:10-0500","::1564",1564,1
DISPARO,S046,7,"2026-09-19T10:27:12-0500","::1563",1563,1
DISPARO,S046,8,"2026-09-19T10:27:14-0500","::1555",1555,1
DISPARO,S046,9,"2026-09-19T10:27:15-0500","::1577",1577,1
VEREDICTO,S046,OK,1,"importada de primary: MyDocuments/retro/DOC-20260919-WA0052.zip md5 4c50dbf63d53bd7f53cbd9856a0e5805, serie S046"
SERIE,S047,"2026-09-19T10:27:33-0500",SLV-002,"00:21:13:05:19:3B",V3.6 2026-09-19 (3.6.1) DEF mascara 0000,P24,0,e
DISPARO,S047,1,"2026-09-19T10:27:36-0500","::1975",1975,1
DISPARO,S047,2,"2026-09-19T10:27:37-0500","::1979",1979,1
DISPARO,S047,3,"2026-09-19T10:27:39-0500","::1980",1980,1
DISPARO,S047,4,"2026-09-19T10:27:41-0500","::1983",1983,1
DISPARO,S047,5,"2026-09-19T10:27:42-0500","::1978",1978,1
DISPARO,S047,6,"2026-09-19T10:27:44-0500","::1987",1987,1
DISPARO,S047,7,"2026-09-19T10:27:45-0500","::1981",1981,1
DISPARO,S047,8,"2026-09-19T10:27:47-0500","::1988",1988,1
DISPARO,S047,9,"2026-09-19T10:27:48-0500","::1993",1993,1
VEREDICTO,S047,OK,1,"importada de primary: MyDocuments/retro/DOC-20260919-WA0052.zip md5 4c50dbf63d53bd7f53cbd9856a0e5805, serie S047"
SERIE,S048,"2026-09-19T10:28:39-0500",SLV-002,"00:21:13:05:19:3B",V3.6 2026-09-19 (3.6.1) DEF mascara 0000,P22,0,e
DISPARO,S048,1,"2026-09-19T10:28:42-0500","::1492",1492,1
DISPARO,S048,2,"2026-09-19T10:28:43-0500","::1497",1497,1
DISPARO,S048,3,"2026-09-19T10:28:45-0500","::1493",1493,1
DISPARO,S048,4,"2026-09-19T10:28:47-0500","::1500",1500,1
DISPARO,S048,5,"2026-09-19T10:28:48-0500","::1486",1486,1
DISPARO,S048,6,"2026-09-19T10:28:50-0500","::1497",1497,1
DISPARO,S048,7,"2026-09-19T10:28:51-0500","::1503",1503,1
DISPARO,S048,8,"2026-09-19T10:28:53-0500","::1498",1498,1
DISPARO,S048,9,"2026-09-19T10:28:55-0500","::1507",1507,1
VEREDICTO,S048,OK,1,"importada de primary: MyDocuments/retro/DOC-20260919-WA0052.zip md5 4c50dbf63d53bd7f53cbd9856a0e5805, serie S048"
SERIE,S049,"2026-09-19T10:29:40-0500",SLV-002,"00:21:13:05:19:3B",V3.6 2026-09-19 (3.6.1) DEF mascara 0000,P23,0,e
DISPARO,S049,1,"2026-09-19T10:29:43-0500","::2732",2732,1
DISPARO,S049,2,"2026-09-19T10:29:44-0500","::2727",2727,1
DISPARO,S049,3,"2026-09-19T10:29:46-0500","::2735",2735,1
DISPARO,S049,4,"2026-09-19T10:29:47-0500","::2746",2746,1
DISPARO,S049,5,"2026-09-19T10:29:49-0500","::2737",2737,1
DISPARO,S049,6,"2026-09-19T10:29:51-0500","::2734",2734,1
DISPARO,S049,7,"2026-09-19T10:29:52-0500","::2727",2727,1
DISPARO,S049,8,"2026-09-19T10:29:54-0500","::2724",2724,1
DISPARO,S049,9,"2026-09-19T10:29:55-0500","::2738",2738,1
VEREDICTO,S049,DUDOSO,0,"repetida | importada de primary: MyDocuments/retro/DOC-20260919-WA0052.zip md5 4c50dbf63d53bd7f53cbd9856a0e5805, serie S049"
SERIE,S050,"2026-09-19T10:29:57-0500",SLV-002,"00:21:13:05:19:3B",V3.6 2026-09-19 (3.6.1) DEF mascara 0000,P23,0,e
DISPARO,S050,1,"2026-09-19T10:30:00-0500","::2733",2733,1
DISPARO,S050,2,"2026-09-19T10:30:02-0500","::2734",2734,1
DISPARO,S050,3,"2026-09-19T10:30:03-0500","::2743",2743,1
DISPARO,S050,4,"2026-09-19T10:30:05-0500","::2739",2739,1
DISPARO,S050,5,"2026-09-19T10:30:06-0500","::2725",2725,1
DISPARO,S050,6,"2026-09-19T10:30:08-0500","::2739",2739,1
DISPARO,S050,7,"2026-09-19T10:30:10-0500","::2742",2742,1
DISPARO,S050,8,"2026-09-19T10:30:11-0500","::2735",2735,1
DISPARO,S050,9,"2026-09-19T10:30:13-0500","::2729",2729,1
VEREDICTO,S050,DUDOSO,1,"Ok | importada de primary: MyDocuments/retro/DOC-20260919-WA0052.zip md5 4c50dbf63d53bd7f53cbd9856a0e5805, serie S050"
SERIE,S051,"2026-09-19T10:30:31-0500",SLV-002,"00:21:13:05:19:3B",V3.6 2026-09-19 (3.6.1) DEF mascara 0000,P25,0,e
DISPARO,S051,1,"2026-09-19T10:30:34-0500","::2151",2151,1
DISPARO,S051,2,"2026-09-19T10:30:36-0500","::2161",2161,1
DISPARO,S051,3,"2026-09-19T10:30:37-0500","::2158",2158,1
DISPARO,S051,4,"2026-09-19T10:30:39-0500","::2162",2162,1
DISPARO,S051,5,"2026-09-19T10:30:40-0500","::2161",2161,1
DISPARO,S051,6,"2026-09-19T10:30:42-0500","::2151",2151,1
DISPARO,S051,7,"2026-09-19T10:30:44-0500","::2153",2153,1
DISPARO,S051,8,"2026-09-19T10:30:45-0500","::2154",2154,1
DISPARO,S051,9,"2026-09-19T10:30:47-0500","::2166",2166,1
VEREDICTO,S051,OK,1,"importada de primary: MyDocuments/retro/DOC-20260919-WA0052.zip md5 4c50dbf63d53bd7f53cbd9856a0e5805, serie S051"
SERIE,S052,"2026-09-19T10:30:57-0500",SLV-002,"00:21:13:05:19:3B",V3.6 2026-09-19 (3.6.1) DEF mascara 0000,P26,0,e
DISPARO,S052,1,"2026-09-19T10:30:59-0500","::2202",2202,1
DISPARO,S052,2,"2026-09-19T10:31:01-0500","::2210",2210,1
DISPARO,S052,3,"2026-09-19T10:31:03-0500","::2212",2212,1
DISPARO,S052,4,"2026-09-19T10:31:04-0500","::2209",2209,1
DISPARO,S052,5,"2026-09-19T10:31:06-0500","::2199",2199,1
DISPARO,S052,6,"2026-09-19T10:31:07-0500","::2215",2215,1
DISPARO,S052,7,"2026-09-19T10:31:09-0500","::2213",2213,1
DISPARO,S052,8,"2026-09-19T10:31:11-0500","::2212",2212,1
DISPARO,S052,9,"2026-09-19T10:31:12-0500","::2207",2207,1
VEREDICTO,S052,OK,1,"importada de primary: MyDocuments/retro/DOC-20260919-WA0052.zip md5 4c50dbf63d53bd7f53cbd9856a0e5805, serie S052"
SERIE,S053,"2026-09-19T10:31:21-0500",SLV-002,"00:21:13:05:19:3B",V3.6 2026-09-19 (3.6.1) DEF mascara 0000,P29,0,e
DISPARO,S053,1,"2026-09-19T10:31:24-0500","::1675",1675,1
DISPARO,S053,2,"2026-09-19T10:31:25-0500","::1680",1680,1
DISPARO,S053,3,"2026-09-19T10:31:27-0500","::1670",1670,1
DISPARO,S053,4,"2026-09-19T10:31:29-0500","::1673",1673,1
DISPARO,S053,5,"2026-09-19T10:31:30-0500","::1686",1686,1
DISPARO,S053,6,"2026-09-19T10:31:32-0500","::1676",1676,1
DISPARO,S053,7,"2026-09-19T10:31:34-0500","::1679",1679,1
DISPARO,S053,8,"2026-09-19T10:31:35-0500","::1674",1674,1
DISPARO,S053,9,"2026-09-19T10:31:37-0500","::1680",1680,1
VEREDICTO,S053,OK,1,"importada de primary: MyDocuments/retro/DOC-20260919-WA0052.zip md5 4c50dbf63d53bd7f53cbd9856a0e5805, serie S053"
SERIE,S054,"2026-09-19T10:31:45-0500",SLV-002,"00:21:13:05:19:3B",V3.6 2026-09-19 (3.6.1) DEF mascara 0000,P30,0,e
DISPARO,S054,1,"2026-09-19T10:31:48-0500","::1657",1657,1
DISPARO,S054,2,"2026-09-19T10:31:49-0500","::1647",1647,1
DISPARO,S054,3,"2026-09-19T10:31:51-0500","::1644",1644,1
DISPARO,S054,4,"2026-09-19T10:31:53-0500","::1655",1655,1
DISPARO,S054,5,"2026-09-19T10:31:54-0500","::1654",1654,1
DISPARO,S054,6,"2026-09-19T10:31:56-0500","::1657",1657,1
DISPARO,S054,7,"2026-09-19T10:31:57-0500","::1653",1653,1
DISPARO,S054,8,"2026-09-19T10:31:59-0500","::1658",1658,1
DISPARO,S054,9,"2026-09-19T10:32:01-0500","::1663",1663,1
VEREDICTO,S054,OK,1,"importada de primary: MyDocuments/retro/DOC-20260919-WA0052.zip md5 4c50dbf63d53bd7f53cbd9856a0e5805, serie S054"
SERIE,S055,"2026-09-19T10:32:08-0500",SLV-002,"00:21:13:05:19:3B",V3.6 2026-09-19 (3.6.1) DEF mascara 0000,P31,0,e
DISPARO,S055,1,"2026-09-19T10:32:11-0500","::2081",2081,1
DISPARO,S055,2,"2026-09-19T10:32:13-0500","::2082",2082,1
DISPARO,S055,3,"2026-09-19T10:32:14-0500","::2091",2091,1
DISPARO,S055,4,"2026-09-19T10:32:16-0500","::2090",2090,1
DISPARO,S055,5,"2026-09-19T10:32:17-0500","::2084",2084,1
DISPARO,S055,6,"2026-09-19T10:32:19-0500","::2085",2085,1
DISPARO,S055,7,"2026-09-19T10:32:21-0500","::2089",2089,1
DISPARO,S055,8,"2026-09-19T10:32:22-0500","::2086",2086,1
DISPARO,S055,9,"2026-09-19T10:32:24-0500","::2084",2084,1
VEREDICTO,S055,OK,1,"importada de primary: MyDocuments/retro/DOC-20260919-WA0052.zip md5 4c50dbf63d53bd7f53cbd9856a0e5805, serie S055"
SERIE,S056,"2026-09-19T10:32:39-0500",SLV-002,"00:21:13:05:19:3B",V3.6 2026-09-19 (3.6.1) DEF mascara 0000,P32b,0,e
DISPARO,S056,1,"2026-09-19T10:32:42-0500","::797",797,1
DISPARO,S056,2,"2026-09-19T10:32:43-0500","::812",812,1
DISPARO,S056,3,"2026-09-19T10:32:45-0500","::812",812,1
DISPARO,S056,4,"2026-09-19T10:32:46-0500","::801",801,1
DISPARO,S056,5,"2026-09-19T10:32:48-0500","::801",801,1
DISPARO,S056,6,"2026-09-19T10:32:50-0500","::801",801,1
DISPARO,S056,7,"2026-09-19T10:32:51-0500","::810",810,1
DISPARO,S056,8,"2026-09-19T10:32:53-0500","::798",798,1
DISPARO,S056,9,"2026-09-19T10:32:54-0500","::793",793,1
VEREDICTO,S056,OK,1,"importada de primary: MyDocuments/retro/DOC-20260919-WA0052.zip md5 4c50dbf63d53bd7f53cbd9856a0e5805, serie S056"
ELIGE,S001
ELIGE,S003
ELIGE,S004
ELIGE,S005
ELIGE,S006
ELIGE,S007
ELIGE,S008
ELIGE,S009
ELIGE,S011
ELIGE,S012
ELIGE,S013
ELIGE,S014
ELIGE,S015
ELIGE,S016
ELIGE,S017
ELIGE,S018
ELIGE,S019
ELIGE,S020
ELIGE,S022
ELIGE,S024
ELIGE,S025
ELIGE,S026
ELIGE,S027
ELIGE,S028
ELIGE,S029
ELIGE,S030
ELIGE,S031
ELIGE,S032
ELIGE,S033
ELIGE,S034
ELIGE,S035
ELIGE,S036
ELIGE,S037
ELIGE,S038
ELIGE,S039
ELIGE,S040
ELIGE,S041
ELIGE,S042
ELIGE,S043
ELIGE,S044
ELIGE,S045
ELIGE,S046
ELIGE,S047
ELIGE,S048
ELIGE,S050
ELIGE,S051
ELIGE,S052
ELIGE,S053
ELIGE,S054
ELIGE,S055
ELIGE,S056
SERIE,S057,"2026-09-19T11:51:53-0500",SLV-002,"00:21:13:05:19:3B",V3.6 2026-09-19 (3.6.2) DEF mascara 0000,P22,0,e
DISPARO,S057,1,"2026-09-19T11:51:55-0500","::1408",1408,1
DISPARO,S057,2,"2026-09-19T11:51:57-0500","::1409",1409,1
DISPARO,S057,3,"2026-09-19T11:51:59-0500","::1412",1412,1
DISPARO,S057,4,"2026-09-19T11:52:00-0500","::1412",1412,1
DISPARO,S057,5,"2026-09-19T11:52:02-0500","::1406",1406,1
DISPARO,S057,6,"2026-09-19T11:52:04-0500","::1411",1411,1
DISPARO,S057,7,"2026-09-19T11:52:05-0500","::1409",1409,1
DISPARO,S057,8,"2026-09-19T11:52:07-0500","::1402",1402,1
DISPARO,S057,9,"2026-09-19T11:52:08-0500","::1415",1415,1
DISPARO,S057,10,"2026-09-19T11:52:21-0500","::1387",1387,2
DISPARO,S057,11,"2026-09-19T11:52:22-0500","::1380",1380,2
DISPARO,S057,12,"2026-09-19T11:52:24-0500","::1377",1377,2
DISPARO,S057,13,"2026-09-19T11:52:26-0500","::1384",1384,2
DISPARO,S057,14,"2026-09-19T11:52:27-0500","::1391",1391,2
DISPARO,S057,15,"2026-09-19T11:52:29-0500","::1381",1381,2
DISPARO,S057,16,"2026-09-19T11:52:30-0500","::1383",1383,2
DISPARO,S057,17,"2026-09-19T11:52:32-0500","::1390",1390,2
DISPARO,S057,18,"2026-09-19T11:52:34-0500","::1377",1377,2
DISPARO,S057,19,"2026-09-19T11:52:44-0500","::1437",1437,3
DISPARO,S057,20,"2026-09-19T11:52:46-0500","::1436",1436,3
DISPARO,S057,21,"2026-09-19T11:52:47-0500","::1442",1442,3
DISPARO,S057,22,"2026-09-19T11:52:49-0500","::1443",1443,3
DISPARO,S057,23,"2026-09-19T11:52:51-0500","::1436",1436,3
DISPARO,S057,24,"2026-09-19T11:52:52-0500","::1443",1443,3
DISPARO,S057,25,"2026-09-19T11:52:54-0500","::1442",1442,3
DISPARO,S057,26,"2026-09-19T11:52:55-0500","::1452",1452,3
DISPARO,S057,27,"2026-09-19T11:52:57-0500","::1436",1436,3
DISPARO,S057,28,"2026-09-19T11:53:08-0500","::1405",1405,4
DISPARO,S057,29,"2026-09-19T11:53:09-0500","::1407",1407,4
DISPARO,S057,30,"2026-09-19T11:53:11-0500","::1409",1409,4
DISPARO,S057,31,"2026-09-19T11:53:12-0500","::1414",1414,4
DISPARO,S057,32,"2026-09-19T11:53:14-0500","::1422",1422,4
DISPARO,S057,33,"2026-09-19T11:53:16-0500","::1418",1418,4
DISPARO,S057,34,"2026-09-19T11:53:17-0500","::1428",1428,4
DISPARO,S057,35,"2026-09-19T11:53:19-0500","::1427",1427,4
DISPARO,S057,36,"2026-09-19T11:53:20-0500","::1420",1420,4
DISPARO,S057,37,"2026-09-19T11:53:31-0500","::1415",1415,5
DISPARO,S057,38,"2026-09-19T11:53:33-0500","::1416",1416,5
DISPARO,S057,39,"2026-09-19T11:53:34-0500","::1419",1419,5
DISPARO,S057,40,"2026-09-19T11:53:36-0500","::1421",1421,5
DISPARO,S057,41,"2026-09-19T11:53:38-0500","::1425",1425,5
DISPARO,S057,42,"2026-09-19T11:53:39-0500","::1410",1410,5
DISPARO,S057,43,"2026-09-19T11:53:41-0500","::1425",1425,5
DISPARO,S057,44,"2026-09-19T11:53:42-0500","::1428",1428,5
DISPARO,S057,45,"2026-09-19T11:53:44-0500","::1418",1418,5
VEREDICTO,S057,A5,0,puente P9-A5
SERIE,S058,"2026-09-19T11:53:53-0500",SLV-002,"00:21:13:05:19:3B",V3.6 2026-09-19 (3.6.2) DEF mascara 0000,P28,0,e
DISPARO,S058,1,"2026-09-19T11:53:56-0500","::2300",2300,1
DISPARO,S058,2,"2026-09-19T11:53:57-0500","::2304",2304,1
DISPARO,S058,3,"2026-09-19T11:53:59-0500","::2307",2307,1
DISPARO,S058,4,"2026-09-19T11:54:01-0500","::2302",2302,1
DISPARO,S058,5,"2026-09-19T11:54:02-0500","::2303",2303,1
DISPARO,S058,6,"2026-09-19T11:54:04-0500","::2304",2304,1
DISPARO,S058,7,"2026-09-19T11:54:05-0500","::2308",2308,1
DISPARO,S058,8,"2026-09-19T11:54:07-0500","::2316",2316,1
DISPARO,S058,9,"2026-09-19T11:54:09-0500","::2311",2311,1
DISPARO,S058,10,"2026-09-19T11:54:18-0500","::2160",2160,2
DISPARO,S058,11,"2026-09-19T11:54:20-0500","::2150",2150,2
DISPARO,S058,12,"2026-09-19T11:54:21-0500","::2162",2162,2
DISPARO,S058,13,"2026-09-19T11:54:23-0500","::2162",2162,2
DISPARO,S058,14,"2026-09-19T11:54:25-0500","::2176",2176,2
DISPARO,S058,15,"2026-09-19T11:54:26-0500","::2161",2161,2
DISPARO,S058,16,"2026-09-19T11:54:28-0500","::2173",2173,2
DISPARO,S058,17,"2026-09-19T11:54:29-0500","::2159",2159,2
DISPARO,S058,18,"2026-09-19T11:54:31-0500","::2169",2169,2
DISPARO,S058,19,"2026-09-19T11:54:43-0500","::2179",2179,3
DISPARO,S058,20,"2026-09-19T11:54:45-0500","::2172",2172,3
DISPARO,S058,21,"2026-09-19T11:54:46-0500","::2175",2175,3
DISPARO,S058,22,"2026-09-19T11:54:48-0500","::2179",2179,3
DISPARO,S058,23,"2026-09-19T11:54:50-0500","::2178",2178,3
DISPARO,S058,24,"2026-09-19T11:54:51-0500","::2176",2176,3
DISPARO,S058,25,"2026-09-19T11:54:53-0500","::2186",2186,3
DISPARO,S058,26,"2026-09-19T11:54:54-0500","::2181",2181,3
DISPARO,S058,27,"2026-09-19T11:54:56-0500","::2178",2178,3
DISPARO,S058,28,"2026-09-19T11:55:06-0500","::2263",2263,4
DISPARO,S058,29,"2026-09-19T11:55:08-0500","::2270",2270,4
DISPARO,S058,30,"2026-09-19T11:55:10-0500","::2267",2267,4
DISPARO,S058,31,"2026-09-19T11:55:11-0500","::2271",2271,4
DISPARO,S058,32,"2026-09-19T11:55:13-0500","::2275",2275,4
DISPARO,S058,33,"2026-09-19T11:55:14-0500","::2275",2275,4
DISPARO,S058,34,"2026-09-19T11:55:16-0500","::2261",2261,4
DISPARO,S058,35,"2026-09-19T11:55:18-0500","::2278",2278,4
DISPARO,S058,36,"2026-09-19T11:55:19-0500","::2276",2276,4
DISPARO,S058,37,"2026-09-19T11:55:32-0500","::2231",2231,5
DISPARO,S058,38,"2026-09-19T11:55:33-0500","::2230",2230,5
DISPARO,S058,39,"2026-09-19T11:55:35-0500","::2225",2225,5
DISPARO,S058,40,"2026-09-19T11:55:36-0500","::2239",2239,5
DISPARO,S058,41,"2026-09-19T11:55:38-0500","::2230",2230,5
DISPARO,S058,42,"2026-09-19T11:55:40-0500","::2230",2230,5
DISPARO,S058,43,"2026-09-19T11:55:41-0500","::2235",2235,5
DISPARO,S058,44,"2026-09-19T11:55:43-0500","::2242",2242,5
DISPARO,S058,45,"2026-09-19T11:55:44-0500","::2244",2244,5
VEREDICTO,S058,A5,0,puente P9-A5
SERIE,S059,"2026-09-19T11:55:54-0500",SLV-002,"00:21:13:05:19:3B",V3.6 2026-09-19 (3.6.2) DEF mascara 0000,P4,0,e
DISPARO,S059,1,"2026-09-19T11:55:57-0500","::3255",3255,1
DISPARO,S059,2,"2026-09-19T11:55:59-0500","::3261",3261,1
DISPARO,S059,3,"2026-09-19T11:56:01-0500","::3268",3268,1
DISPARO,S059,4,"2026-09-19T11:56:02-0500","::3271",3271,1
DISPARO,S059,5,"2026-09-19T11:56:04-0500","::3260",3260,1
DISPARO,S059,6,"2026-09-19T11:56:05-0500","::3257",3257,1
DISPARO,S059,7,"2026-09-19T11:56:07-0500","::3265",3265,1
DISPARO,S059,8,"2026-09-19T11:56:09-0500","::3269",3269,1
DISPARO,S059,9,"2026-09-19T11:56:10-0500","::3261",3261,1
DISPARO,S059,10,"2026-09-19T11:56:22-0500","::3332",3332,2
DISPARO,S059,11,"2026-09-19T11:56:24-0500","::3341",3341,2
DISPARO,S059,12,"2026-09-19T11:56:25-0500","::3329",3329,2
DISPARO,S059,13,"2026-09-19T11:56:27-0500","::3344",3344,2
DISPARO,S059,14,"2026-09-19T11:56:29-0500","::3341",3341,2
DISPARO,S059,15,"2026-09-19T11:56:30-0500","::3337",3337,2
DISPARO,S059,16,"2026-09-19T11:56:32-0500","::3333",3333,2
DISPARO,S059,17,"2026-09-19T11:56:33-0500","::3343",3343,2
DISPARO,S059,18,"2026-09-19T11:56:35-0500","::3339",3339,2
DISPARO,S059,19,"2026-09-19T11:56:46-0500","::3297",3297,3
DISPARO,S059,20,"2026-09-19T11:56:48-0500","::3291",3291,3
DISPARO,S059,21,"2026-09-19T11:56:49-0500","::3303",3303,3
DISPARO,S059,22,"2026-09-19T11:56:51-0500","::3304",3304,3
DISPARO,S059,23,"2026-09-19T11:56:53-0500","::3288",3288,3
DISPARO,S059,24,"2026-09-19T11:56:54-0500","::3295",3295,3
DISPARO,S059,25,"2026-09-19T11:56:56-0500","::3302",3302,3
DISPARO,S059,26,"2026-09-19T11:56:57-0500","::3296",3296,3
DISPARO,S059,27,"2026-09-19T11:56:59-0500","::3305",3305,3
DISPARO,S059,28,"2026-09-19T11:57:11-0500","::3352",3352,4
DISPARO,S059,29,"2026-09-19T11:57:13-0500","::3354",3354,4
DISPARO,S059,30,"2026-09-19T11:57:14-0500","::3351",3351,4
DISPARO,S059,31,"2026-09-19T11:57:16-0500","::3356",3356,4
DISPARO,S059,32,"2026-09-19T11:57:17-0500","::3356",3356,4
DISPARO,S059,33,"2026-09-19T11:57:19-0500","::3361",3361,4
DISPARO,S059,34,"2026-09-19T11:57:21-0500","::3373",3373,4
DISPARO,S059,35,"2026-09-19T11:57:22-0500","::3362",3362,4
DISPARO,S059,36,"2026-09-19T11:57:24-0500","::3362",3362,4
DISPARO,S059,37,"2026-09-19T11:57:34-0500","::3140",3140,5
DISPARO,S059,38,"2026-09-19T11:57:36-0500","::3147",3147,5
DISPARO,S059,39,"2026-09-19T11:57:38-0500","::3137",3137,5
DISPARO,S059,40,"2026-09-19T11:57:39-0500","::3143",3143,5
DISPARO,S059,41,"2026-09-19T11:57:41-0500","::3147",3147,5
DISPARO,S059,42,"2026-09-19T11:57:42-0500","::3159",3159,5
DISPARO,S059,43,"2026-09-19T11:57:44-0500","::3143",3143,5
DISPARO,S059,44,"2026-09-19T11:57:46-0500","::3149",3149,5
DISPARO,S059,45,"2026-09-19T11:57:47-0500","::3143",3143,5
VEREDICTO,S059,A5,0,puente P9-A5
SERIE,S060,"2026-09-19T11:58:07-0500",SLV-002,"00:21:13:05:19:3B",V3.6 2026-09-19 (3.6.2) DEF mascara 0000,OSCURO,0,e
DISPARO,S060,1,"2026-09-19T11:58:10-0500","::573",573,1
DISPARO,S060,2,"2026-09-19T11:58:11-0500","::569",569,1
DISPARO,S060,3,"2026-09-19T11:58:13-0500","::567",567,1
DISPARO,S060,4,"2026-09-19T11:58:15-0500","::561",561,1
DISPARO,S060,5,"2026-09-19T11:58:16-0500","::565",565,1
DISPARO,S060,6,"2026-09-19T11:58:18-0500","::567",567,1
DISPARO,S060,7,"2026-09-19T11:58:19-0500","::568",568,1
DISPARO,S060,8,"2026-09-19T11:58:21-0500","::561",561,1
DISPARO,S060,9,"2026-09-19T11:58:23-0500","::565",565,1
DISPARO,S060,10,"2026-09-19T11:58:32-0500","::571",571,2
DISPARO,S060,11,"2026-09-19T11:58:33-0500","::564",564,2
DISPARO,S060,12,"2026-09-19T11:58:35-0500","::574",574,2
DISPARO,S060,13,"2026-09-19T11:58:37-0500","::555",555,2
DISPARO,S060,14,"2026-09-19T11:58:38-0500","::562",562,2
DISPARO,S060,15,"2026-09-19T11:58:40-0500","::567",567,2
DISPARO,S060,16,"2026-09-19T11:58:41-0500","::564",564,2
DISPARO,S060,17,"2026-09-19T11:58:43-0500","::573",573,2
DISPARO,S060,18,"2026-09-19T11:58:45-0500","::567",567,2
DISPARO,S060,19,"2026-09-19T11:58:53-0500","::557",557,3
DISPARO,S060,20,"2026-09-19T11:58:54-0500","::557",557,3
DISPARO,S060,21,"2026-09-19T11:58:56-0500","::560",560,3
DISPARO,S060,22,"2026-09-19T11:58:58-0500","::564",564,3
DISPARO,S060,23,"2026-09-19T11:58:59-0500","::559",559,3
DISPARO,S060,24,"2026-09-19T11:59:01-0500","::569",569,3
DISPARO,S060,25,"2026-09-19T11:59:02-0500","::555",555,3
DISPARO,S060,26,"2026-09-19T11:59:04-0500","::568",568,3
DISPARO,S060,27,"2026-09-19T11:59:06-0500","::570",570,3
DISPARO,S060,28,"2026-09-19T11:59:14-0500","::560",560,4
DISPARO,S060,29,"2026-09-19T11:59:15-0500","::557",557,4
DISPARO,S060,30,"2026-09-19T11:59:17-0500","::572",572,4
DISPARO,S060,31,"2026-09-19T11:59:19-0500","::568",568,4
DISPARO,S060,32,"2026-09-19T11:59:20-0500","::559",559,4
DISPARO,S060,33,"2026-09-19T11:59:22-0500","::569",569,4
DISPARO,S060,34,"2026-09-19T11:59:23-0500","::559",559,4
DISPARO,S060,35,"2026-09-19T11:59:25-0500","::576",576,4
DISPARO,S060,36,"2026-09-19T11:59:27-0500","::564",564,4
DISPARO,S060,37,"2026-09-19T11:59:37-0500","::572",572,5
DISPARO,S060,38,"2026-09-19T11:59:38-0500","::574",574,5
DISPARO,S060,39,"2026-09-19T11:59:40-0500","::574",574,5
DISPARO,S060,40,"2026-09-19T11:59:41-0500","::563",563,5
DISPARO,S060,41,"2026-09-19T11:59:43-0500","::570",570,5
DISPARO,S060,42,"2026-09-19T11:59:45-0500","::561",561,5
DISPARO,S060,43,"2026-09-19T11:59:46-0500","::567",567,5
DISPARO,S060,44,"2026-09-19T11:59:48-0500","::559",559,5
DISPARO,S060,45,"2026-09-19T11:59:49-0500","::565",565,5
VEREDICTO,S060,OK,1,
