serie_id,fecha_hora,serie,mac,firmware,patron,patron_original,valor_certificado,tipo_lamina,color,orientacion,codigo,disparo,respuesta_bruta,x,descartado,motivo_descarte,veredicto,nota,aceptada,elegida
S001,"2026-09-19T09:57:06-0500",SLV-002,"00:21:13:05:19:3B",V3.6 2026-09-19 (3.6.1) DEF mascara 0000,P34,P34,86,I,amarillo,0,e,1,"::956",956,0,,OK,,1,1
S001,"2026-09-19T09:57:08-0500",SLV-002,"00:21:13:05:19:3B",V3.6 2026-09-19 (3.6.1) DEF mascara 0000,P34,P34,86,I,amarillo,0,e,2,"::950",950,0,,OK,,1,1
S001,"2026-09-19T09:57:10-0500",SLV-002,"00:21:13:05:19:3B",V3.6 2026-09-19 (3.6.1) DEF mascara 0000,P34,P34,86,I,amarillo,0,e,3,"::950",950,0,,OK,,1,1
S001,"2026-09-19T09:57:11-0500",SLV-002,"00:21:13:05:19:3B",V3.6 2026-09-19 (3.6.1) DEF mascara 0000,P34,P34,86,I,amarillo,0,e,4,"::946",946,0,,OK,,1,1
S001,"2026-09-19T09:57:13-0500",SLV-002,"00:21:13:05:19:3B",V3.6 2026-09-19 (3.6.1) DEF mascara 0000,P34,P34,86,I,amarillo,0,e,5,"::967",967,0,,OK,,1,1
S001,"2026-09-19T09:57:14-0500",SLV-002,"00:21:13:05:19:3B",V3.6 2026-09-19 (3.6.1) DEF mascara 0000,P34,P34,86,I,amarillo,0,e,6,"::962",962,0,,OK,,1,1
S001,"2026-09-19T09:57:16-0500",SLV-002,"00:21:13:05:19:3B",V3.6 2026-09-19 (3.6.1) DEF mascara 0000,P34,P34,86,I,amarillo,0,e,7,"::962",962,0,,OK,,1,1
S001,"2026-09-19T09:57:18-0500",SLV-002,"00:21:13:05:19:3B",V3.6 2026-09-19 (3.6.1) DEF mascara 0000,P34,P34,86,I,amarillo,0,e,8,"::965",965,0,,OK,,1,1
S001,"2026-09-19T09:57:19-0500",SLV-002,"00:21:13:05:19:3B",V3.6 2026-09-19 (3.6.1) DEF mascara 0000,P34,P34,86,I,amarillo,0,e,9,"::967",967,0,,OK,,1,1
S002,"2026-09-19T09:58:16-0500",SLV-002,"00:21:13:05:19:3B",V3.6 2026-09-19 (3.6.1) DEF mascara 0000,P37,P37,82,I,amarillo,0,e,1,"::990",990,0,,DUDOSO,repetida,0,0
S002,"2026-09-19T09:58:18-0500",SLV-002,"00:21:13:05:19:3B",V3.6 2026-09-19 (3.6.1) DEF mascara 0000,P37,P37,82,I,amarillo,0,e,2,"::992",992,0,,DUDOSO,repetida,0,0
S002,"2026-09-19T09:58:19-0500",SLV-002,"00:21:13:05:19:3B",V3.6 2026-09-19 (3.6.1) DEF mascara 0000,P37,P37,82,I,amarillo,0,e,3,"::998",998,0,,DUDOSO,repetida,0,0
S002,"2026-09-19T09:58:21-0500",SLV-002,"00:21:13:05:19:3B",V3.6 2026-09-19 (3.6.1) DEF mascara 0000,P37,P37,82,I,amarillo,0,e,4,"::987",987,0,,DUDOSO,repetida,0,0
S002,"2026-09-19T09:58:23-0500",SLV-002,"00:21:13:05:19:3B",V3.6 2026-09-19 (3.6.1) DEF mascara 0000,P37,P37,82,I,amarillo,0,e,5,"::990",990,0,,DUDOSO,repetida,0,0
S002,"2026-09-19T09:58:24-0500",SLV-002,"00:21:13:05:19:3B",V3.6 2026-09-19 (3.6.1) DEF mascara 0000,P37,P37,82,I,amarillo,0,e,6,"::990",990,0,,DUDOSO,repetida,0,0
S002,"2026-09-19T09:58:26-0500",SLV-002,"00:21:13:05:19:3B",V3.6 2026-09-19 (3.6.1) DEF mascara 0000,P37,P37,82,I,amarillo,0,e,7,"::991",991,0,,DUDOSO,repetida,0,0
S002,"2026-09-19T09:58:27-0500",SLV-002,"00:21:13:05:19:3B",V3.6 2026-09-19 (3.6.1) DEF mascara 0000,P37,P37,82,I,amarillo,0,e,8,"::997",997,0,,DUDOSO,repetida,0,0
S002,"2026-09-19T09:58:29-0500",SLV-002,"00:21:13:05:19:3B",V3.6 2026-09-19 (3.6.1) DEF mascara 0000,P37,P37,82,I,amarillo,0,e,9,"::1000",1000,1,"descolgado: 1000 a 9 cuentas de la mediana 991 (limite 8 = 5 s robusta)",DUDOSO,repetida,0,0
S003,"2026-09-19T09:58:52-0500",SLV-002,"00:21:13:05:19:3B",V3.6 2026-09-19 (3.6.1) DEF mascara 0000,P37,P37,82,I,amarillo,0,e,1,"::985",985,0,,DUDOSO,Es papel de baja calidad,1,1
S003,"2026-09-19T09:58:53-0500",SLV-002,"00:21:13:05:19:3B",V3.6 2026-09-19 (3.6.1) DEF mascara 0000,P37,P37,82,I,amarillo,0,e,2,"::996",996,0,,DUDOSO,Es papel de baja calidad,1,1
S003,"2026-09-19T09:58:55-0500",SLV-002,"00:21:13:05:19:3B",V3.6 2026-09-19 (3.6.1) DEF mascara 0000,P37,P37,82,I,amarillo,0,e,3,"::991",991,0,,DUDOSO,Es papel de baja calidad,1,1
S003,"2026-09-19T09:58:56-0500",SLV-002,"00:21:13:05:19:3B",V3.6 2026-09-19 (3.6.1) DEF mascara 0000,P37,P37,82,I,amarillo,0,e,4,"::988",988,0,,DUDOSO,Es papel de baja calidad,1,1
S003,"2026-09-19T09:58:58-0500",SLV-002,"00:21:13:05:19:3B",V3.6 2026-09-19 (3.6.1) DEF mascara 0000,P37,P37,82,I,amarillo,0,e,5,"::998",998,0,,DUDOSO,Es papel de baja calidad,1,1
S003,"2026-09-19T09:59:00-0500",SLV-002,"00:21:13:05:19:3B",V3.6 2026-09-19 (3.6.1) DEF mascara 0000,P37,P37,82,I,amarillo,0,e,6,"::991",991,0,,DUDOSO,Es papel de baja calidad,1,1
S003,"2026-09-19T09:59:01-0500",SLV-002,"00:21:13:05:19:3B",V3.6 2026-09-19 (3.6.1) DEF mascara 0000,P37,P37,82,I,amarillo,0,e,7,"::988",988,0,,DUDOSO,Es papel de baja calidad,1,1
S003,"2026-09-19T09:59:03-0500",SLV-002,"00:21:13:05:19:3B",V3.6 2026-09-19 (3.6.1) DEF mascara 0000,P37,P37,82,I,amarillo,0,e,8,"::993",993,0,,DUDOSO,Es papel de baja calidad,1,1
S003,"2026-09-19T09:59:04-0500",SLV-002,"00:21:13:05:19:3B",V3.6 2026-09-19 (3.6.1) DEF mascara 0000,P37,P37,82,I,amarillo,0,e,9,"::1002",1002,0,,DUDOSO,Es papel de baja calidad,1,1
S004,"2026-09-19T09:59:56-0500",SLV-002,"00:21:13:05:19:3B",V3.6 2026-09-19 (3.6.1) DEF mascara 0000,P38,P38,52,I,rojo,0,e,1,"::741",741,0,,OK,,1,1
S004,"2026-09-19T09:59:58-0500",SLV-002,"00:21:13:05:19:3B",V3.6 2026-09-19 (3.6.1) DEF mascara 0000,P38,P38,52,I,rojo,0,e,2,"::750",750,0,,OK,,1,1
S004,"2026-09-19T10:00:00-0500",SLV-002,"00:21:13:05:19:3B",V3.6 2026-09-19 (3.6.1) DEF mascara 0000,P38,P38,52,I,rojo,0,e,3,"::738",738,0,,OK,,1,1
S004,"2026-09-19T10:00:01-0500",SLV-002,"00:21:13:05:19:3B",V3.6 2026-09-19 (3.6.1) DEF mascara 0000,P38,P38,52,I,rojo,0,e,4,"::739",739,0,,OK,,1,1
S004,"2026-09-19T10:00:03-0500",SLV-002,"00:21:13:05:19:3B",V3.6 2026-09-19 (3.6.1) DEF mascara 0000,P38,P38,52,I,rojo,0,e,5,"::744",744,0,,OK,,1,1
S004,"2026-09-19T10:00:04-0500",SLV-002,"00:21:13:05:19:3B",V3.6 2026-09-19 (3.6.1) DEF mascara 0000,P38,P38,52,I,rojo,0,e,6,"::750",750,0,,OK,,1,1
S004,"2026-09-19T10:00:06-0500",SLV-002,"00:21:13:05:19:3B",V3.6 2026-09-19 (3.6.1) DEF mascara 0000,P38,P38,52,I,rojo,0,e,7,"::740",740,0,,OK,,1,1
S004,"2026-09-19T10:00:08-0500",SLV-002,"00:21:13:05:19:3B",V3.6 2026-09-19 (3.6.1) DEF mascara 0000,P38,P38,52,I,rojo,0,e,8,"::750",750,0,,OK,,1,1
S004,"2026-09-19T10:00:09-0500",SLV-002,"00:21:13:05:19:3B",V3.6 2026-09-19 (3.6.1) DEF mascara 0000,P38,P38,52,I,rojo,0,e,9,"::743",743,0,,OK,,1,1
S005,"2026-09-19T10:00:34-0500",SLV-002,"00:21:13:05:19:3B",V3.6 2026-09-19 (3.6.1) DEF mascara 0000,P39,P39,46,I,rojo,0,e,1,"::729",729,0,,OK,,1,1
S005,"2026-09-19T10:00:35-0500",SLV-002,"00:21:13:05:19:3B",V3.6 2026-09-19 (3.6.1) DEF mascara 0000,P39,P39,46,I,rojo,0,e,2,"::732",732,0,,OK,,1,1
S005,"2026-09-19T10:00:37-0500",SLV-002,"00:21:13:05:19:3B",V3.6 2026-09-19 (3.6.1) DEF mascara 0000,P39,P39,46,I,rojo,0,e,3,"::733",733,0,,OK,,1,1
S005,"2026-09-19T10:00:38-0500",SLV-002,"00:21:13:05:19:3B",V3.6 2026-09-19 (3.6.1) DEF mascara 0000,P39,P39,46,I,rojo,0,e,4,"::730",730,0,,OK,,1,1
S005,"2026-09-19T10:00:40-0500",SLV-002,"00:21:13:05:19:3B",V3.6 2026-09-19 (3.6.1) DEF mascara 0000,P39,P39,46,I,rojo,0,e,5,"::740",740,0,,OK,,1,1
S005,"2026-09-19T10:00:42-0500",SLV-002,"00:21:13:05:19:3B",V3.6 2026-09-19 (3.6.1) DEF mascara 0000,P39,P39,46,I,rojo,0,e,6,"::734",734,0,,OK,,1,1
S005,"2026-09-19T10:00:43-0500",SLV-002,"00:21:13:05:19:3B",V3.6 2026-09-19 (3.6.1) DEF mascara 0000,P39,P39,46,I,rojo,0,e,7,"::740",740,0,,OK,,1,1
S005,"2026-09-19T10:00:45-0500",SLV-002,"00:21:13:05:19:3B",V3.6 2026-09-19 (3.6.1) DEF mascara 0000,P39,P39,46,I,rojo,0,e,8,"::733",733,0,,OK,,1,1
S005,"2026-09-19T10:00:46-0500",SLV-002,"00:21:13:05:19:3B",V3.6 2026-09-19 (3.6.1) DEF mascara 0000,P39,P39,46,I,rojo,0,e,9,"::738",738,0,,OK,,1,1
S006,"2026-09-19T10:01:48-0500",SLV-002,"00:21:13:05:19:3B",V3.6 2026-09-19 (3.6.1) DEF mascara 0000,P43,P43,122,I,amarillo,0,e,1,"::1149",1149,0,,OK,,1,1
S006,"2026-09-19T10:01:50-0500",SLV-002,"00:21:13:05:19:3B",V3.6 2026-09-19 (3.6.1) DEF mascara 0000,P43,P43,122,I,amarillo,0,e,2,"::1157",1157,0,,OK,,1,1
S006,"2026-09-19T10:01:52-0500",SLV-002,"00:21:13:05:19:3B",V3.6 2026-09-19 (3.6.1) DEF mascara 0000,P43,P43,122,I,amarillo,0,e,3,"::1145",1145,0,,OK,,1,1
S006,"2026-09-19T10:01:53-0500",SLV-002,"00:21:13:05:19:3B",V3.6 2026-09-19 (3.6.1) DEF mascara 0000,P43,P43,122,I,amarillo,0,e,4,"::1151",1151,0,,OK,,1,1
S006,"2026-09-19T10:01:55-0500",SLV-002,"00:21:13:05:19:3B",V3.6 2026-09-19 (3.6.1) DEF mascara 0000,P43,P43,122,I,amarillo,0,e,5,"::1148",1148,0,,OK,,1,1
S006,"2026-09-19T10:01:56-0500",SLV-002,"00:21:13:05:19:3B",V3.6 2026-09-19 (3.6.1) DEF mascara 0000,P43,P43,122,I,amarillo,0,e,6,"::1160",1160,0,,OK,,1,1
S006,"2026-09-19T10:01:58-0500",SLV-002,"00:21:13:05:19:3B",V3.6 2026-09-19 (3.6.1) DEF mascara 0000,P43,P43,122,I,amarillo,0,e,7,"::1153",1153,0,,OK,,1,1
S006,"2026-09-19T10:02:00-0500",SLV-002,"00:21:13:05:19:3B",V3.6 2026-09-19 (3.6.1) DEF mascara 0000,P43,P43,122,I,amarillo,0,e,8,"::1150",1150,0,,OK,,1,1
S006,"2026-09-19T10:02:01-0500",SLV-002,"00:21:13:05:19:3B",V3.6 2026-09-19 (3.6.1) DEF mascara 0000,P43,P43,122,I,amarillo,0,e,9,"::1149",1149,0,,OK,,1,1
S007,"2026-09-19T10:02:30-0500",SLV-002,"00:21:13:05:19:3B",V3.6 2026-09-19 (3.6.1) DEF mascara 0000,P44,P44,64,I,amarillo,0,e,1,"::891",891,0,,OK,,1,1
S007,"2026-09-19T10:02:31-0500",SLV-002,"00:21:13:05:19:3B",V3.6 2026-09-19 (3.6.1) DEF mascara 0000,P44,P44,64,I,amarillo,0,e,2,"::902",902,0,,OK,,1,1
S007,"2026-09-19T10:02:33-0500",SLV-002,"00:21:13:05:19:3B",V3.6 2026-09-19 (3.6.1) DEF mascara 0000,P44,P44,64,I,amarillo,0,e,3,"::893",893,0,,OK,,1,1
S007,"2026-09-19T10:02:34-0500",SLV-002,"00:21:13:05:19:3B",V3.6 2026-09-19 (3.6.1) DEF mascara 0000,P44,P44,64,I,amarillo,0,e,4,"::891",891,0,,OK,,1,1
S007,"2026-09-19T10:02:36-0500",SLV-002,"00:21:13:05:19:3B",V3.6 2026-09-19 (3.6.1) DEF mascara 0000,P44,P44,64,I,amarillo,0,e,5,"::903",903,0,,OK,,1,1
S007,"2026-09-19T10:02:38-0500",SLV-002,"00:21:13:05:19:3B",V3.6 2026-09-19 (3.6.1) DEF mascara 0000,P44,P44,64,I,amarillo,0,e,6,"::901",901,0,,OK,,1,1
S007,"2026-09-19T10:02:39-0500",SLV-002,"00:21:13:05:19:3B",V3.6 2026-09-19 (3.6.1) DEF mascara 0000,P44,P44,64,I,amarillo,0,e,7,"::900",900,0,,OK,,1,1
S007,"2026-09-19T10:02:41-0500",SLV-002,"00:21:13:05:19:3B",V3.6 2026-09-19 (3.6.1) DEF mascara 0000,P44,P44,64,I,amarillo,0,e,8,"::903",903,0,,OK,,1,1
S007,"2026-09-19T10:02:42-0500",SLV-002,"00:21:13:05:19:3B",V3.6 2026-09-19 (3.6.1) DEF mascara 0000,P44,P44,64,I,amarillo,0,e,9,"::903",903,0,,OK,,1,1
S008,"2026-09-19T10:03:55-0500",SLV-002,"00:21:13:05:19:3B",V3.6 2026-09-19 (3.6.1) DEF mascara 0000,P49,P49,81,I,rojo,0,e,1,"::802",802,0,,OK,,1,1
S008,"2026-09-19T10:03:57-0500",SLV-002,"00:21:13:05:19:3B",V3.6 2026-09-19 (3.6.1) DEF mascara 0000,P49,P49,81,I,rojo,0,e,2,"::795",795,0,,OK,,1,1
S008,"2026-09-19T10:03:58-0500",SLV-002,"00:21:13:05:19:3B",V3.6 2026-09-19 (3.6.1) DEF mascara 0000,P49,P49,81,I,rojo,0,e,3,"::797",797,0,,OK,,1,1
S008,"2026-09-19T10:04:00-0500",SLV-002,"00:21:13:05:19:3B",V3.6 2026-09-19 (3.6.1) DEF mascara 0000,P49,P49,81,I,rojo,0,e,4,"::783",783,0,,OK,,1,1
S008,"2026-09-19T10:04:01-0500",SLV-002,"00:21:13:05:19:3B",V3.6 2026-09-19 (3.6.1) DEF mascara 0000,P49,P49,81,I,rojo,0,e,5,"::803",803,0,,OK,,1,1
S008,"2026-09-19T10:04:03-0500",SLV-002,"00:21:13:05:19:3B",V3.6 2026-09-19 (3.6.1) DEF mascara 0000,P49,P49,81,I,rojo,0,e,6,"::800",800,0,,OK,,1,1
S008,"2026-09-19T10:04:05-0500",SLV-002,"00:21:13:05:19:3B",V3.6 2026-09-19 (3.6.1) DEF mascara 0000,P49,P49,81,I,rojo,0,e,7,"::800",800,0,,OK,,1,1
S008,"2026-09-19T10:04:06-0500",SLV-002,"00:21:13:05:19:3B",V3.6 2026-09-19 (3.6.1) DEF mascara 0000,P49,P49,81,I,rojo,0,e,8,"::792",792,0,,OK,,1,1
S008,"2026-09-19T10:04:08-0500",SLV-002,"00:21:13:05:19:3B",V3.6 2026-09-19 (3.6.1) DEF mascara 0000,P49,P49,81,I,rojo,0,e,9,"::803",803,0,,OK,,1,1
S009,"2026-09-19T10:05:13-0500",SLV-002,"00:21:13:05:19:3B",V3.6 2026-09-19 (3.6.1) DEF mascara 0000,P32a,P32a,9,I,azul,0,e,1,"::626",626,0,,OK,,1,1
S009,"2026-09-19T10:05:14-0500",SLV-002,"00:21:13:05:19:3B",V3.6 2026-09-19 (3.6.1) DEF mascara 0000,P32a,P32a,9,I,azul,0,e,2,"::629",629,0,,OK,,1,1
S009,"2026-09-19T10:05:16-0500",SLV-002,"00:21:13:05:19:3B",V3.6 2026-09-19 (3.6.1) DEF mascara 0000,P32a,P32a,9,I,azul,0,e,3,"::624",624,0,,OK,,1,1
S009,"2026-09-19T10:05:18-0500",SLV-002,"00:21:13:05:19:3B",V3.6 2026-09-19 (3.6.1) DEF mascara 0000,P32a,P32a,9,I,azul,0,e,4,"::629",629,0,,OK,,1,1
S009,"2026-09-19T10:05:19-0500",SLV-002,"00:21:13:05:19:3B",V3.6 2026-09-19 (3.6.1) DEF mascara 0000,P32a,P32a,9,I,azul,0,e,5,"::636",636,0,,OK,,1,1
S009,"2026-09-19T10:05:21-0500",SLV-002,"00:21:13:05:19:3B",V3.6 2026-09-19 (3.6.1) DEF mascara 0000,P32a,P32a,9,I,azul,0,e,6,"::637",637,0,,OK,,1,1
S009,"2026-09-19T10:05:22-0500",SLV-002,"00:21:13:05:19:3B",V3.6 2026-09-19 (3.6.1) DEF mascara 0000,P32a,P32a,9,I,azul,0,e,7,"::632",632,0,,OK,,1,1
S009,"2026-09-19T10:05:24-0500",SLV-002,"00:21:13:05:19:3B",V3.6 2026-09-19 (3.6.1) DEF mascara 0000,P32a,P32a,9,I,azul,0,e,8,"::635",635,0,,OK,,1,1
S009,"2026-09-19T10:05:26-0500",SLV-002,"00:21:13:05:19:3B",V3.6 2026-09-19 (3.6.1) DEF mascara 0000,P32a,P32a,9,I,azul,0,e,9,"::630",630,0,,OK,,1,1
S011,"2026-09-19T10:07:46-0500",SLV-002,"00:21:13:05:19:3B",V3.6 2026-09-19 (3.6.1) DEF mascara 0000,P33,P33,72,I,naranja,0,e,1,"::856",856,0,,OK,,1,1
S011,"2026-09-19T10:07:48-0500",SLV-002,"00:21:13:05:19:3B",V3.6 2026-09-19 (3.6.1) DEF mascara 0000,P33,P33,72,I,naranja,0,e,2,"::844",844,0,,OK,,1,1
S011,"2026-09-19T10:07:50-0500",SLV-002,"00:21:13:05:19:3B",V3.6 2026-09-19 (3.6.1) DEF mascara 0000,P33,P33,72,I,naranja,0,e,3,"::856",856,0,,OK,,1,1
S011,"2026-09-19T10:07:51-0500",SLV-002,"00:21:13:05:19:3B",V3.6 2026-09-19 (3.6.1) DEF mascara 0000,P33,P33,72,I,naranja,0,e,4,"::840",840,0,,OK,,1,1
S011,"2026-09-19T10:07:53-0500",SLV-002,"00:21:13:05:19:3B",V3.6 2026-09-19 (3.6.1) DEF mascara 0000,P33,P33,72,I,naranja,0,e,5,"::849",849,0,,OK,,1,1
S011,"2026-09-19T10:07:54-0500",SLV-002,"00:21:13:05:19:3B",V3.6 2026-09-19 (3.6.1) DEF mascara 0000,P33,P33,72,I,naranja,0,e,6,"::858",858,0,,OK,,1,1
S011,"2026-09-19T10:07:56-0500",SLV-002,"00:21:13:05:19:3B",V3.6 2026-09-19 (3.6.1) DEF mascara 0000,P33,P33,72,I,naranja,0,e,7,"::845",845,0,,OK,,1,1
S011,"2026-09-19T10:07:58-0500",SLV-002,"00:21:13:05:19:3B",V3.6 2026-09-19 (3.6.1) DEF mascara 0000,P33,P33,72,I,naranja,0,e,8,"::849",849,0,,OK,,1,1
S011,"2026-09-19T10:07:59-0500",SLV-002,"00:21:13:05:19:3B",V3.6 2026-09-19 (3.6.1) DEF mascara 0000,P33,P33,72,I,naranja,0,e,9,"::851",851,0,,OK,,1,1
S012,"2026-09-19T10:08:23-0500",SLV-002,"00:21:13:05:19:3B",V3.6 2026-09-19 (3.6.1) DEF mascara 0000,P35,P35,96,I,blanco,0,e,1,"::1108",1108,0,,OK,,1,1
S012,"2026-09-19T10:08:25-0500",SLV-002,"00:21:13:05:19:3B",V3.6 2026-09-19 (3.6.1) DEF mascara 0000,P35,P35,96,I,blanco,0,e,2,"::1111",1111,0,,OK,,1,1
S012,"2026-09-19T10:08:26-0500",SLV-002,"00:21:13:05:19:3B",V3.6 2026-09-19 (3.6.1) DEF mascara 0000,P35,P35,96,I,blanco,0,e,3,"::1125",1125,0,,OK,,1,1
S012,"2026-09-19T10:08:28-0500",SLV-002,"00:21:13:05:19:3B",V3.6 2026-09-19 (3.6.1) DEF mascara 0000,P35,P35,96,I,blanco,0,e,4,"::1113",1113,0,,OK,,1,1
S012,"2026-09-19T10:08:30-0500",SLV-002,"00:21:13:05:19:3B",V3.6 2026-09-19 (3.6.1) DEF mascara 0000,P35,P35,96,I,blanco,0,e,5,"::1117",1117,0,,OK,,1,1
S012,"2026-09-19T10:08:31-0500",SLV-002,"00:21:13:05:19:3B",V3.6 2026-09-19 (3.6.1) DEF mascara 0000,P35,P35,96,I,blanco,0,e,6,"::1111",1111,0,,OK,,1,1
S012,"2026-09-19T10:08:33-0500",SLV-002,"00:21:13:05:19:3B",V3.6 2026-09-19 (3.6.1) DEF mascara 0000,P35,P35,96,I,blanco,0,e,7,"::1114",1114,0,,OK,,1,1
S012,"2026-09-19T10:08:34-0500",SLV-002,"00:21:13:05:19:3B",V3.6 2026-09-19 (3.6.1) DEF mascara 0000,P35,P35,96,I,blanco,0,e,8,"::1116",1116,0,,OK,,1,1
S012,"2026-09-19T10:08:36-0500",SLV-002,"00:21:13:05:19:3B",V3.6 2026-09-19 (3.6.1) DEF mascara 0000,P35,P35,96,I,blanco,0,e,9,"::1117",1117,0,,OK,,1,1
S013,"2026-09-19T10:08:55-0500",SLV-002,"00:21:13:05:19:3B",V3.6 2026-09-19 (3.6.1) DEF mascara 0000,P36,P36,10,I,azul,0,e,1,"::639",639,0,,OK,,1,1
S013,"2026-09-19T10:08:57-0500",SLV-002,"00:21:13:05:19:3B",V3.6 2026-09-19 (3.6.1) DEF mascara 0000,P36,P36,10,I,azul,0,e,2,"::627",627,0,,OK,,1,1
S013,"2026-09-19T10:08:59-0500",SLV-002,"00:21:13:05:19:3B",V3.6 2026-09-19 (3.6.1) DEF mascara 0000,P36,P36,10,I,azul,0,e,3,"::642",642,0,,OK,,1,1
S013,"2026-09-19T10:09:00-0500",SLV-002,"00:21:13:05:19:3B",V3.6 2026-09-19 (3.6.1) DEF mascara 0000,P36,P36,10,I,azul,0,e,4,"::645",645,0,,OK,,1,1
S013,"2026-09-19T10:09:02-0500",SLV-002,"00:21:13:05:19:3B",V3.6 2026-09-19 (3.6.1) DEF mascara 0000,P36,P36,10,I,azul,0,e,5,"::634",634,0,,OK,,1,1
S013,"2026-09-19T10:09:03-0500",SLV-002,"00:21:13:05:19:3B",V3.6 2026-09-19 (3.6.1) DEF mascara 0000,P36,P36,10,I,azul,0,e,6,"::644",644,0,,OK,,1,1
S013,"2026-09-19T10:09:05-0500",SLV-002,"00:21:13:05:19:3B",V3.6 2026-09-19 (3.6.1) DEF mascara 0000,P36,P36,10,I,azul,0,e,7,"::642",642,0,,OK,,1,1
S013,"2026-09-19T10:09:07-0500",SLV-002,"00:21:13:05:19:3B",V3.6 2026-09-19 (3.6.1) DEF mascara 0000,P36,P36,10,I,azul,0,e,8,"::640",640,0,,OK,,1,1
S013,"2026-09-19T10:09:08-0500",SLV-002,"00:21:13:05:19:3B",V3.6 2026-09-19 (3.6.1) DEF mascara 0000,P36,P36,10,I,azul,0,e,9,"::636",636,0,,OK,,1,1
S014,"2026-09-19T10:09:30-0500",SLV-002,"00:21:13:05:19:3B",V3.6 2026-09-19 (3.6.1) DEF mascara 0000,P40,P40,6,I,verde,0,e,1,"::626",626,0,,OK,,1,1
S014,"2026-09-19T10:09:31-0500",SLV-002,"00:21:13:05:19:3B",V3.6 2026-09-19 (3.6.1) DEF mascara 0000,P40,P40,6,I,verde,0,e,2,"::629",629,0,,OK,,1,1
S014,"2026-09-19T10:09:33-0500",SLV-002,"00:21:13:05:19:3B",V3.6 2026-09-19 (3.6.1) DEF mascara 0000,P40,P40,6,I,verde,0,e,3,"::620",620,0,,OK,,1,1
S014,"2026-09-19T10:09:34-0500",SLV-002,"00:21:13:05:19:3B",V3.6 2026-09-19 (3.6.1) DEF mascara 0000,P40,P40,6,I,verde,0,e,4,"::622",622,0,,OK,,1,1
S014,"2026-09-19T10:09:36-0500",SLV-002,"00:21:13:05:19:3B",V3.6 2026-09-19 (3.6.1) DEF mascara 0000,P40,P40,6,I,verde,0,e,5,"::630",630,0,,OK,,1,1
S014,"2026-09-19T10:09:38-0500",SLV-002,"00:21:13:05:19:3B",V3.6 2026-09-19 (3.6.1) DEF mascara 0000,P40,P40,6,I,verde,0,e,6,"::619",619,0,,OK,,1,1
S014,"2026-09-19T10:09:39-0500",SLV-002,"00:21:13:05:19:3B",V3.6 2026-09-19 (3.6.1) DEF mascara 0000,P40,P40,6,I,verde,0,e,7,"::629",629,0,,OK,,1,1
S014,"2026-09-19T10:09:41-0500",SLV-002,"00:21:13:05:19:3B",V3.6 2026-09-19 (3.6.1) DEF mascara 0000,P40,P40,6,I,verde,0,e,8,"::624",624,0,,OK,,1,1
S014,"2026-09-19T10:09:42-0500",SLV-002,"00:21:13:05:19:3B",V3.6 2026-09-19 (3.6.1) DEF mascara 0000,P40,P40,6,I,verde,0,e,9,"::623",623,0,,OK,,1,1
S015,"2026-09-19T10:09:55-0500",SLV-002,"00:21:13:05:19:3B",V3.6 2026-09-19 (3.6.1) DEF mascara 0000,P41,P41,73,I,naranja,0,e,1,"::895",895,0,,OK,,1,1
S015,"2026-09-19T10:09:56-0500",SLV-002,"00:21:13:05:19:3B",V3.6 2026-09-19 (3.6.1) DEF mascara 0000,P41,P41,73,I,naranja,0,e,2,"::900",900,0,,OK,,1,1
S015,"2026-09-19T10:09:58-0500",SLV-002,"00:21:13:05:19:3B",V3.6 2026-09-19 (3.6.1) DEF mascara 0000,P41,P41,73,I,naranja,0,e,3,"::895",895,0,,OK,,1,1
S015,"2026-09-19T10:09:59-0500",SLV-002,"00:21:13:05:19:3B",V3.6 2026-09-19 (3.6.1) DEF mascara 0000,P41,P41,73,I,naranja,0,e,4,"::898",898,0,,OK,,1,1
S015,"2026-09-19T10:10:01-0500",SLV-002,"00:21:13:05:19:3B",V3.6 2026-09-19 (3.6.1) DEF mascara 0000,P41,P41,73,I,naranja,0,e,5,"::901",901,0,,OK,,1,1
S015,"2026-09-19T10:10:03-0500",SLV-002,"00:21:13:05:19:3B",V3.6 2026-09-19 (3.6.1) DEF mascara 0000,P41,P41,73,I,naranja,0,e,6,"::896",896,0,,OK,,1,1
S015,"2026-09-19T10:10:04-0500",SLV-002,"00:21:13:05:19:3B",V3.6 2026-09-19 (3.6.1) DEF mascara 0000,P41,P41,73,I,naranja,0,e,7,"::900",900,0,,OK,,1,1
S015,"2026-09-19T10:10:06-0500",SLV-002,"00:21:13:05:19:3B",V3.6 2026-09-19 (3.6.1) DEF mascara 0000,P41,P41,73,I,naranja,0,e,8,"::893",893,0,,OK,,1,1
S015,"2026-09-19T10:10:07-0500",SLV-002,"00:21:13:05:19:3B",V3.6 2026-09-19 (3.6.1) DEF mascara 0000,P41,P41,73,I,naranja,0,e,9,"::910",910,0,,OK,,1,1
S016,"2026-09-19T10:10:25-0500",SLV-002,"00:21:13:05:19:3B",V3.6 2026-09-19 (3.6.1) DEF mascara 0000,P42,P42,7,I,azul,0,e,1,"::587",587,0,,OK,,1,1
S016,"2026-09-19T10:10:27-0500",SLV-002,"00:21:13:05:19:3B",V3.6 2026-09-19 (3.6.1) DEF mascara 0000,P42,P42,7,I,azul,0,e,2,"::594",594,0,,OK,,1,1
S016,"2026-09-19T10:10:28-0500",SLV-002,"00:21:13:05:19:3B",V3.6 2026-09-19 (3.6.1) DEF mascara 0000,P42,P42,7,I,azul,0,e,3,"::596",596,0,,OK,,1,1
S016,"2026-09-19T10:10:30-0500",SLV-002,"00:21:13:05:19:3B",V3.6 2026-09-19 (3.6.1) DEF mascara 0000,P42,P42,7,I,azul,0,e,4,"::592",592,0,,OK,,1,1
S016,"2026-09-19T10:10:32-0500",SLV-002,"00:21:13:05:19:3B",V3.6 2026-09-19 (3.6.1) DEF mascara 0000,P42,P42,7,I,azul,0,e,5,"::594",594,0,,OK,,1,1
S016,"2026-09-19T10:10:33-0500",SLV-002,"00:21:13:05:19:3B",V3.6 2026-09-19 (3.6.1) DEF mascara 0000,P42,P42,7,I,azul,0,e,6,"::593",593,0,,OK,,1,1
S016,"2026-09-19T10:10:35-0500",SLV-002,"00:21:13:05:19:3B",V3.6 2026-09-19 (3.6.1) DEF mascara 0000,P42,P42,7,I,azul,0,e,7,"::589",589,0,,OK,,1,1
S016,"2026-09-19T10:10:36-0500",SLV-002,"00:21:13:05:19:3B",V3.6 2026-09-19 (3.6.1) DEF mascara 0000,P42,P42,7,I,azul,0,e,8,"::596",596,0,,OK,,1,1
S016,"2026-09-19T10:10:38-0500",SLV-002,"00:21:13:05:19:3B",V3.6 2026-09-19 (3.6.1) DEF mascara 0000,P42,P42,7,I,azul,0,e,9,"::592",592,0,,OK,,1,1
S017,"2026-09-19T10:10:57-0500",SLV-002,"00:21:13:05:19:3B",V3.6 2026-09-19 (3.6.1) DEF mascara 0000,P45,P45,7,I,verde,0,e,1,"::619",619,0,,OK,,1,1
S017,"2026-09-19T10:10:58-0500",SLV-002,"00:21:13:05:19:3B",V3.6 2026-09-19 (3.6.1) DEF mascara 0000,P45,P45,7,I,verde,0,e,2,"::607",607,0,,OK,,1,1
S017,"2026-09-19T10:11:00-0500",SLV-002,"00:21:13:05:19:3B",V3.6 2026-09-19 (3.6.1) DEF mascara 0000,P45,P45,7,I,verde,0,e,3,"::623",623,0,,OK,,1,1
S017,"2026-09-19T10:11:02-0500",SLV-002,"00:21:13:05:19:3B",V3.6 2026-09-19 (3.6.1) DEF mascara 0000,P45,P45,7,I,verde,0,e,4,"::612",612,0,,OK,,1,1
S017,"2026-09-19T10:11:03-0500",SLV-002,"00:21:13:05:19:3B",V3.6 2026-09-19 (3.6.1) DEF mascara 0000,P45,P45,7,I,verde,0,e,5,"::618",618,0,,OK,,1,1
S017,"2026-09-19T10:11:05-0500",SLV-002,"00:21:13:05:19:3B",V3.6 2026-09-19 (3.6.1) DEF mascara 0000,P45,P45,7,I,verde,0,e,6,"::618",618,0,,OK,,1,1
S017,"2026-09-19T10:11:06-0500",SLV-002,"00:21:13:05:19:3B",V3.6 2026-09-19 (3.6.1) DEF mascara 0000,P45,P45,7,I,verde,0,e,7,"::614",614,0,,OK,,1,1
S017,"2026-09-19T10:11:08-0500",SLV-002,"00:21:13:05:19:3B",V3.6 2026-09-19 (3.6.1) DEF mascara 0000,P45,P45,7,I,verde,0,e,8,"::619",619,0,,OK,,1,1
S017,"2026-09-19T10:11:10-0500",SLV-002,"00:21:13:05:19:3B",V3.6 2026-09-19 (3.6.1) DEF mascara 0000,P45,P45,7,I,verde,0,e,9,"::610",610,0,,OK,,1,1
S018,"2026-09-19T10:11:23-0500",SLV-002,"00:21:13:05:19:3B",V3.6 2026-09-19 (3.6.1) DEF mascara 0000,P46,P46,9,I,azul,0,e,1,"::643",643,0,,DUDOSO,Son papeles de mala calidad,1,1
S018,"2026-09-19T10:11:25-0500",SLV-002,"00:21:13:05:19:3B",V3.6 2026-09-19 (3.6.1) DEF mascara 0000,P46,P46,9,I,azul,0,e,2,"::646",646,0,,DUDOSO,Son papeles de mala calidad,1,1
S018,"2026-09-19T10:11:26-0500",SLV-002,"00:21:13:05:19:3B",V3.6 2026-09-19 (3.6.1) DEF mascara 0000,P46,P46,9,I,azul,0,e,3,"::644",644,0,,DUDOSO,Son papeles de mala calidad,1,1
S018,"2026-09-19T10:11:28-0500",SLV-002,"00:21:13:05:19:3B",V3.6 2026-09-19 (3.6.1) DEF mascara 0000,P46,P46,9,I,azul,0,e,4,"::639",639,0,,DUDOSO,Son papeles de mala calidad,1,1
S018,"2026-09-19T10:11:30-0500",SLV-002,"00:21:13:05:19:3B",V3.6 2026-09-19 (3.6.1) DEF mascara 0000,P46,P46,9,I,azul,0,e,5,"::651",651,0,,DUDOSO,Son papeles de mala calidad,1,1
S018,"2026-09-19T10:11:31-0500",SLV-002,"00:21:13:05:19:3B",V3.6 2026-09-19 (3.6.1) DEF mascara 0000,P46,P46,9,I,azul,0,e,6,"::645",645,0,,DUDOSO,Son papeles de mala calidad,1,1
S018,"2026-09-19T10:11:33-0500",SLV-002,"00:21:13:05:19:3B",V3.6 2026-09-19 (3.6.1) DEF mascara 0000,P46,P46,9,I,azul,0,e,7,"::635",635,0,,DUDOSO,Son papeles de mala calidad,1,1
S018,"2026-09-19T10:11:35-0500",SLV-002,"00:21:13:05:19:3B",V3.6 2026-09-19 (3.6.1) DEF mascara 0000,P46,P46,9,I,azul,0,e,8,"::653",653,0,,DUDOSO,Son papeles de mala calidad,1,1
S018,"2026-09-19T10:11:36-0500",SLV-002,"00:21:13:05:19:3B",V3.6 2026-09-19 (3.6.1) DEF mascara 0000,P46,P46,9,I,azul,0,e,9,"::643",643,0,,DUDOSO,Son papeles de mala calidad,1,1
S019,"2026-09-19T10:12:11-0500",SLV-002,"00:21:13:05:19:3B",V3.6 2026-09-19 (3.6.1) DEF mascara 0000,P47,P47,9,I,azul,0,e,1,"::610",610,0,,OK,,1,1
S019,"2026-09-19T10:12:13-0500",SLV-002,"00:21:13:05:19:3B",V3.6 2026-09-19 (3.6.1) DEF mascara 0000,P47,P47,9,I,azul,0,e,2,"::602",602,0,,OK,,1,1
S019,"2026-09-19T10:12:14-0500",SLV-002,"00:21:13:05:19:3B",V3.6 2026-09-19 (3.6.1) DEF mascara 0000,P47,P47,9,I,azul,0,e,3,"::609",609,0,,OK,,1,1
S019,"2026-09-19T10:12:16-0500",SLV-002,"00:21:13:05:19:3B",V3.6 2026-09-19 (3.6.1) DEF mascara 0000,P47,P47,9,I,azul,0,e,4,"::606",606,0,,OK,,1,1
S019,"2026-09-19T10:12:17-0500",SLV-002,"00:21:13:05:19:3B",V3.6 2026-09-19 (3.6.1) DEF mascara 0000,P47,P47,9,I,azul,0,e,5,"::605",605,0,,OK,,1,1
S019,"2026-09-19T10:12:19-0500",SLV-002,"00:21:13:05:19:3B",V3.6 2026-09-19 (3.6.1) DEF mascara 0000,P47,P47,9,I,azul,0,e,6,"::604",604,0,,OK,,1,1
S019,"2026-09-19T10:12:21-0500",SLV-002,"00:21:13:05:19:3B",V3.6 2026-09-19 (3.6.1) DEF mascara 0000,P47,P47,9,I,azul,0,e,7,"::606",606,0,,OK,,1,1
S019,"2026-09-19T10:12:22-0500",SLV-002,"00:21:13:05:19:3B",V3.6 2026-09-19 (3.6.1) DEF mascara 0000,P47,P47,9,I,azul,0,e,8,"::606",606,0,,OK,,1,1
S019,"2026-09-19T10:12:24-0500",SLV-002,"00:21:13:05:19:3B",V3.6 2026-09-19 (3.6.1) DEF mascara 0000,P47,P47,9,I,azul,0,e,9,"::609",609,0,,OK,,1,1
S020,"2026-09-19T10:12:38-0500",SLV-002,"00:21:13:05:19:3B",V3.6 2026-09-19 (3.6.1) DEF mascara 0000,P48,P48,9,I,azul,0,e,1,"::608",608,0,,OK,,1,1
S020,"2026-09-19T10:12:40-0500",SLV-002,"00:21:13:05:19:3B",V3.6 2026-09-19 (3.6.1) DEF mascara 0000,P48,P48,9,I,azul,0,e,2,"::613",613,0,,OK,,1,1
S020,"2026-09-19T10:12:41-0500",SLV-002,"00:21:13:05:19:3B",V3.6 2026-09-19 (3.6.1) DEF mascara 0000,P48,P48,9,I,azul,0,e,3,"::603",603,0,,OK,,1,1
S020,"2026-09-19T10:12:43-0500",SLV-002,"00:21:13:05:19:3B",V3.6 2026-09-19 (3.6.1) DEF mascara 0000,P48,P48,9,I,azul,0,e,4,"::609",609,0,,OK,,1,1
S020,"2026-09-19T10:12:45-0500",SLV-002,"00:21:13:05:19:3B",V3.6 2026-09-19 (3.6.1) DEF mascara 0000,P48,P48,9,I,azul,0,e,5,"::597",597,0,,OK,,1,1
S020,"2026-09-19T10:12:46-0500",SLV-002,"00:21:13:05:19:3B",V3.6 2026-09-19 (3.6.1) DEF mascara 0000,P48,P48,9,I,azul,0,e,6,"::604",604,0,,OK,,1,1
S020,"2026-09-19T10:12:48-0500",SLV-002,"00:21:13:05:19:3B",V3.6 2026-09-19 (3.6.1) DEF mascara 0000,P48,P48,9,I,azul,0,e,7,"::603",603,0,,OK,,1,1
S020,"2026-09-19T10:12:49-0500",SLV-002,"00:21:13:05:19:3B",V3.6 2026-09-19 (3.6.1) DEF mascara 0000,P48,P48,9,I,azul,0,e,8,"::611",611,0,,OK,,1,1
S020,"2026-09-19T10:12:51-0500",SLV-002,"00:21:13:05:19:3B",V3.6 2026-09-19 (3.6.1) DEF mascara 0000,P48,P48,9,I,azul,0,e,9,"::601",601,0,,OK,,1,1
S021,"2026-09-19T10:13:05-0500",SLV-002,"00:21:13:05:19:3B",V3.6 2026-09-19 (3.6.1) DEF mascara 0000,P50,P50,71,I,naranja,0,e,1,"::885",885,0,,DUDOSO,repetida,0,0
S021,"2026-09-19T10:13:07-0500",SLV-002,"00:21:13:05:19:3B",V3.6 2026-09-19 (3.6.1) DEF mascara 0000,P50,P50,71,I,naranja,0,e,2,"::889",889,0,,DUDOSO,repetida,0,0
S021,"2026-09-19T10:13:08-0500",SLV-002,"00:21:13:05:19:3B",V3.6 2026-09-19 (3.6.1) DEF mascara 0000,P50,P50,71,I,naranja,0,e,3,"::899",899,0,,DUDOSO,repetida,0,0
S021,"2026-09-19T10:13:10-0500",SLV-002,"00:21:13:05:19:3B",V3.6 2026-09-19 (3.6.1) DEF mascara 0000,P50,P50,71,I,naranja,0,e,4,"::895",895,0,,DUDOSO,repetida,0,0
S021,"2026-09-19T10:13:12-0500",SLV-002,"00:21:13:05:19:3B",V3.6 2026-09-19 (3.6.1) DEF mascara 0000,P50,P50,71,I,naranja,0,e,5,"::905",905,0,,DUDOSO,repetida,0,0
S021,"2026-09-19T10:13:13-0500",SLV-002,"00:21:13:05:19:3B",V3.6 2026-09-19 (3.6.1) DEF mascara 0000,P50,P50,71,I,naranja,0,e,6,"::903",903,0,,DUDOSO,repetida,0,0
S021,"2026-09-19T10:13:15-0500",SLV-002,"00:21:13:05:19:3B",V3.6 2026-09-19 (3.6.1) DEF mascara 0000,P50,P50,71,I,naranja,0,e,7,"::901",901,0,,DUDOSO,repetida,0,0
S021,"2026-09-19T10:13:16-0500",SLV-002,"00:21:13:05:19:3B",V3.6 2026-09-19 (3.6.1) DEF mascara 0000,P50,P50,71,I,naranja,0,e,8,"::901",901,0,,DUDOSO,repetida,0,0
S021,"2026-09-19T10:13:18-0500",SLV-002,"00:21:13:05:19:3B",V3.6 2026-09-19 (3.6.1) DEF mascara 0000,P50,P50,71,I,naranja,0,e,9,"::910",910,0,,DUDOSO,repetida,0,0
S022,"2026-09-19T10:13:23-0500",SLV-002,"00:21:13:05:19:3B",V3.6 2026-09-19 (3.6.1) DEF mascara 0000,P50,P50,71,I,naranja,0,e,1,"::908",908,0,,DUDOSO,Pap3 de vinilo reflectiva de mala calidad,1,1
S022,"2026-09-19T10:13:24-0500",SLV-002,"00:21:13:05:19:3B",V3.6 2026-09-19 (3.6.1) DEF mascara 0000,P50,P50,71,I,naranja,0,e,2,"::911",911,0,,DUDOSO,Pap3 de vinilo reflectiva de mala calidad,1,1
S022,"2026-09-19T10:13:26-0500",SLV-002,"00:21:13:05:19:3B",V3.6 2026-09-19 (3.6.1) DEF mascara 0000,P50,P50,71,I,naranja,0,e,3,"::907",907,0,,DUDOSO,Pap3 de vinilo reflectiva de mala calidad,1,1
S022,"2026-09-19T10:13:28-0500",SLV-002,"00:21:13:05:19:3B",V3.6 2026-09-19 (3.6.1) DEF mascara 0000,P50,P50,71,I,naranja,0,e,4,"::904",904,0,,DUDOSO,Pap3 de vinilo reflectiva de mala calidad,1,1
S022,"2026-09-19T10:13:29-0500",SLV-002,"00:21:13:05:19:3B",V3.6 2026-09-19 (3.6.1) DEF mascara 0000,P50,P50,71,I,naranja,0,e,5,"::915",915,0,,DUDOSO,Pap3 de vinilo reflectiva de mala calidad,1,1
S022,"2026-09-19T10:13:31-0500",SLV-002,"00:21:13:05:19:3B",V3.6 2026-09-19 (3.6.1) DEF mascara 0000,P50,P50,71,I,naranja,0,e,6,"::907",907,0,,DUDOSO,Pap3 de vinilo reflectiva de mala calidad,1,1
S022,"2026-09-19T10:13:32-0500",SLV-002,"00:21:13:05:19:3B",V3.6 2026-09-19 (3.6.1) DEF mascara 0000,P50,P50,71,I,naranja,0,e,7,"::900",900,0,,DUDOSO,Pap3 de vinilo reflectiva de mala calidad,1,1
S022,"2026-09-19T10:13:34-0500",SLV-002,"00:21:13:05:19:3B",V3.6 2026-09-19 (3.6.1) DEF mascara 0000,P50,P50,71,I,naranja,0,e,8,"::901",901,0,,DUDOSO,Pap3 de vinilo reflectiva de mala calidad,1,1
S022,"2026-09-19T10:13:36-0500",SLV-002,"00:21:13:05:19:3B",V3.6 2026-09-19 (3.6.1) DEF mascara 0000,P50,P50,71,I,naranja,0,e,9,"::911",911,0,,DUDOSO,Pap3 de vinilo reflectiva de mala calidad,1,1
S023,"2026-09-19T10:14:46-0500",SLV-002,"00:21:13:05:19:3B",V3.6 2026-09-19 (3.6.1) DEF mascara 0000,P5,P5,740,XI,amarillo,0,e,1,"::2442",2442,0,,OK,,1,0
S023,"2026-09-19T10:14:48-0500",SLV-002,"00:21:13:05:19:3B",V3.6 2026-09-19 (3.6.1) DEF mascara 0000,P5,P5,740,XI,amarillo,0,e,2,"::2454",2454,0,,OK,,1,0
S023,"2026-09-19T10:14:49-0500",SLV-002,"00:21:13:05:19:3B",V3.6 2026-09-19 (3.6.1) DEF mascara 0000,P5,P5,740,XI,amarillo,0,e,3,"::2459",2459,0,,OK,,1,0
S023,"2026-09-19T10:14:51-0500",SLV-002,"00:21:13:05:19:3B",V3.6 2026-09-19 (3.6.1) DEF mascara 0000,P5,P5,740,XI,amarillo,0,e,4,"::2459",2459,0,,OK,,1,0
S023,"2026-09-19T10:14:52-0500",SLV-002,"00:21:13:05:19:3B",V3.6 2026-09-19 (3.6.1) DEF mascara 0000,P5,P5,740,XI,amarillo,0,e,5,"::2457",2457,0,,OK,,1,0
S023,"2026-09-19T10:14:54-0500",SLV-002,"00:21:13:05:19:3B",V3.6 2026-09-19 (3.6.1) DEF mascara 0000,P5,P5,740,XI,amarillo,0,e,6,"::2458",2458,0,,OK,,1,0
S023,"2026-09-19T10:14:56-0500",SLV-002,"00:21:13:05:19:3B",V3.6 2026-09-19 (3.6.1) DEF mascara 0000,P5,P5,740,XI,amarillo,0,e,7,"::2463",2463,0,,OK,,1,0
S023,"2026-09-19T10:14:57-0500",SLV-002,"00:21:13:05:19:3B",V3.6 2026-09-19 (3.6.1) DEF mascara 0000,P5,P5,740,XI,amarillo,0,e,8,"::2453",2453,0,,OK,,1,0
S023,"2026-09-19T10:14:59-0500",SLV-002,"00:21:13:05:19:3B",V3.6 2026-09-19 (3.6.1) DEF mascara 0000,P5,P5,740,XI,amarillo,0,e,9,"::2466",2466,0,,OK,,1,0
S024,"2026-09-19T10:15:12-0500",SLV-002,"00:21:13:05:19:3B",V3.6 2026-09-19 (3.6.1) DEF mascara 0000,P5,P5,740,XI,amarillo,90,e,1,"::2449",2449,0,,OK,,1,1
S024,"2026-09-19T10:15:13-0500",SLV-002,"00:21:13:05:19:3B",V3.6 2026-09-19 (3.6.1) DEF mascara 0000,P5,P5,740,XI,amarillo,90,e,2,"::2453",2453,0,,OK,,1,1
S024,"2026-09-19T10:15:15-0500",SLV-002,"00:21:13:05:19:3B",V3.6 2026-09-19 (3.6.1) DEF mascara 0000,P5,P5,740,XI,amarillo,90,e,3,"::2461",2461,0,,OK,,1,1
S024,"2026-09-19T10:15:16-0500",SLV-002,"00:21:13:05:19:3B",V3.6 2026-09-19 (3.6.1) DEF mascara 0000,P5,P5,740,XI,amarillo,90,e,4,"::2455",2455,0,,OK,,1,1
S024,"2026-09-19T10:15:18-0500",SLV-002,"00:21:13:05:19:3B",V3.6 2026-09-19 (3.6.1) DEF mascara 0000,P5,P5,740,XI,amarillo,90,e,5,"::2458",2458,0,,OK,,1,1
S024,"2026-09-19T10:15:20-0500",SLV-002,"00:21:13:05:19:3B",V3.6 2026-09-19 (3.6.1) DEF mascara 0000,P5,P5,740,XI,amarillo,90,e,6,"::2467",2467,0,,OK,,1,1
S024,"2026-09-19T10:15:21-0500",SLV-002,"00:21:13:05:19:3B",V3.6 2026-09-19 (3.6.1) DEF mascara 0000,P5,P5,740,XI,amarillo,90,e,7,"::2460",2460,0,,OK,,1,1
S024,"2026-09-19T10:15:23-0500",SLV-002,"00:21:13:05:19:3B",V3.6 2026-09-19 (3.6.1) DEF mascara 0000,P5,P5,740,XI,amarillo,90,e,8,"::2465",2465,0,,OK,,1,1
S024,"2026-09-19T10:15:24-0500",SLV-002,"00:21:13:05:19:3B",V3.6 2026-09-19 (3.6.1) DEF mascara 0000,P5,P5,740,XI,amarillo,90,e,9,"::2466",2466,0,,OK,,1,1
S025,"2026-09-19T10:15:57-0500",SLV-002,"00:21:13:05:19:3B",V3.6 2026-09-19 (3.6.1) DEF mascara 0000,P1,P1,762,XI,blanco,0,e,1,"::2953",2953,0,,OK,,1,1
S025,"2026-09-19T10:15:58-0500",SLV-002,"00:21:13:05:19:3B",V3.6 2026-09-19 (3.6.1) DEF mascara 0000,P1,P1,762,XI,blanco,0,e,2,"::2968",2968,0,,OK,,1,1
S025,"2026-09-19T10:16:00-0500",SLV-002,"00:21:13:05:19:3B",V3.6 2026-09-19 (3.6.1) DEF mascara 0000,P1,P1,762,XI,blanco,0,e,3,"::2950",2950,0,,OK,,1,1
S025,"2026-09-19T10:16:01-0500",SLV-002,"00:21:13:05:19:3B",V3.6 2026-09-19 (3.6.1) DEF mascara 0000,P1,P1,762,XI,blanco,0,e,4,"::2964",2964,0,,OK,,1,1
S025,"2026-09-19T10:16:03-0500",SLV-002,"00:21:13:05:19:3B",V3.6 2026-09-19 (3.6.1) DEF mascara 0000,P1,P1,762,XI,blanco,0,e,5,"::2960",2960,0,,OK,,1,1
S025,"2026-09-19T10:16:05-0500",SLV-002,"00:21:13:05:19:3B",V3.6 2026-09-19 (3.6.1) DEF mascara 0000,P1,P1,762,XI,blanco,0,e,6,"::2964",2964,0,,OK,,1,1
S025,"2026-09-19T10:16:06-0500",SLV-002,"00:21:13:05:19:3B",V3.6 2026-09-19 (3.6.1) DEF mascara 0000,P1,P1,762,XI,blanco,0,e,7,"::2956",2956,0,,OK,,1,1
S025,"2026-09-19T10:16:08-0500",SLV-002,"00:21:13:05:19:3B",V3.6 2026-09-19 (3.6.1) DEF mascara 0000,P1,P1,762,XI,blanco,0,e,8,"::2963",2963,0,,OK,,1,1
S025,"2026-09-19T10:16:09-0500",SLV-002,"00:21:13:05:19:3B",V3.6 2026-09-19 (3.6.1) DEF mascara 0000,P1,P1,762,XI,blanco,0,e,9,"::2970",2970,0,,OK,,1,1
S026,"2026-09-19T10:16:37-0500",SLV-002,"00:21:13:05:19:3B",V3.6 2026-09-19 (3.6.1) DEF mascara 0000,P2,P2,414,IV,blanco,0,e,1,"::2051",2051,0,,OK,,1,1
S026,"2026-09-19T10:16:39-0500",SLV-002,"00:21:13:05:19:3B",V3.6 2026-09-19 (3.6.1) DEF mascara 0000,P2,P2,414,IV,blanco,0,e,2,"::2053",2053,0,,OK,,1,1
S026,"2026-09-19T10:16:41-0500",SLV-002,"00:21:13:05:19:3B",V3.6 2026-09-19 (3.6.1) DEF mascara 0000,P2,P2,414,IV,blanco,0,e,3,"::2063",2063,0,,OK,,1,1
S026,"2026-09-19T10:16:42-0500",SLV-002,"00:21:13:05:19:3B",V3.6 2026-09-19 (3.6.1) DEF mascara 0000,P2,P2,414,IV,blanco,0,e,4,"::2053",2053,0,,OK,,1,1
S026,"2026-09-19T10:16:44-0500",SLV-002,"00:21:13:05:19:3B",V3.6 2026-09-19 (3.6.1) DEF mascara 0000,P2,P2,414,IV,blanco,0,e,5,"::2053",2053,0,,OK,,1,1
S026,"2026-09-19T10:16:45-0500",SLV-002,"00:21:13:05:19:3B",V3.6 2026-09-19 (3.6.1) DEF mascara 0000,P2,P2,414,IV,blanco,0,e,6,"::2064",2064,0,,OK,,1,1
S026,"2026-09-19T10:16:47-0500",SLV-002,"00:21:13:05:19:3B",V3.6 2026-09-19 (3.6.1) DEF mascara 0000,P2,P2,414,IV,blanco,0,e,7,"::2059",2059,0,,OK,,1,1
S026,"2026-09-19T10:16:49-0500",SLV-002,"00:21:13:05:19:3B",V3.6 2026-09-19 (3.6.1) DEF mascara 0000,P2,P2,414,IV,blanco,0,e,8,"::2060",2060,0,,OK,,1,1
S026,"2026-09-19T10:16:50-0500",SLV-002,"00:21:13:05:19:3B",V3.6 2026-09-19 (3.6.1) DEF mascara 0000,P2,P2,414,IV,blanco,0,e,9,"::2071",2071,0,,OK,,1,1
S027,"2026-09-19T10:17:10-0500",SLV-002,"00:21:13:05:19:3B",V3.6 2026-09-19 (3.6.1) DEF mascara 0000,P27,P27,471,IX,blanco,0,e,1,"::2104",2104,0,,OK,,1,1
S027,"2026-09-19T10:17:12-0500",SLV-002,"00:21:13:05:19:3B",V3.6 2026-09-19 (3.6.1) DEF mascara 0000,P27,P27,471,IX,blanco,0,e,2,"::2107",2107,0,,OK,,1,1
S027,"2026-09-19T10:17:14-0500",SLV-002,"00:21:13:05:19:3B",V3.6 2026-09-19 (3.6.1) DEF mascara 0000,P27,P27,471,IX,blanco,0,e,3,"::2112",2112,0,,OK,,1,1
S027,"2026-09-19T10:17:15-0500",SLV-002,"00:21:13:05:19:3B",V3.6 2026-09-19 (3.6.1) DEF mascara 0000,P27,P27,471,IX,blanco,0,e,4,"::2112",2112,0,,OK,,1,1
S027,"2026-09-19T10:17:17-0500",SLV-002,"00:21:13:05:19:3B",V3.6 2026-09-19 (3.6.1) DEF mascara 0000,P27,P27,471,IX,blanco,0,e,5,"::2102",2102,0,,OK,,1,1
S027,"2026-09-19T10:17:18-0500",SLV-002,"00:21:13:05:19:3B",V3.6 2026-09-19 (3.6.1) DEF mascara 0000,P27,P27,471,IX,blanco,0,e,6,"::2116",2116,0,,OK,,1,1
S027,"2026-09-19T10:17:20-0500",SLV-002,"00:21:13:05:19:3B",V3.6 2026-09-19 (3.6.1) DEF mascara 0000,P27,P27,471,IX,blanco,0,e,7,"::2121",2121,0,,OK,,1,1
S027,"2026-09-19T10:17:22-0500",SLV-002,"00:21:13:05:19:3B",V3.6 2026-09-19 (3.6.1) DEF mascara 0000,P27,P27,471,IX,blanco,0,e,8,"::2112",2112,0,,OK,,1,1
S027,"2026-09-19T10:17:23-0500",SLV-002,"00:21:13:05:19:3B",V3.6 2026-09-19 (3.6.1) DEF mascara 0000,P27,P27,471,IX,blanco,0,e,9,"::2114",2114,0,,OK,,1,1
S028,"2026-09-19T10:17:45-0500",SLV-002,"00:21:13:05:19:3B",V3.6 2026-09-19 (3.6.1) DEF mascara 0000,P28,P28,484,IX,blanco,0,e,1,"::2267",2267,0,,OK,,1,1
S028,"2026-09-19T10:17:46-0500",SLV-002,"00:21:13:05:19:3B",V3.6 2026-09-19 (3.6.1) DEF mascara 0000,P28,P28,484,IX,blanco,0,e,2,"::2279",2279,0,,OK,,1,1
S028,"2026-09-19T10:17:48-0500",SLV-002,"00:21:13:05:19:3B",V3.6 2026-09-19 (3.6.1) DEF mascara 0000,P28,P28,484,IX,blanco,0,e,3,"::2271",2271,0,,OK,,1,1
S028,"2026-09-19T10:17:50-0500",SLV-002,"00:21:13:05:19:3B",V3.6 2026-09-19 (3.6.1) DEF mascara 0000,P28,P28,484,IX,blanco,0,e,4,"::2283",2283,0,,OK,,1,1
S028,"2026-09-19T10:17:51-0500",SLV-002,"00:21:13:05:19:3B",V3.6 2026-09-19 (3.6.1) DEF mascara 0000,P28,P28,484,IX,blanco,0,e,5,"::2285",2285,0,,OK,,1,1
S028,"2026-09-19T10:17:53-0500",SLV-002,"00:21:13:05:19:3B",V3.6 2026-09-19 (3.6.1) DEF mascara 0000,P28,P28,484,IX,blanco,0,e,6,"::2275",2275,0,,OK,,1,1
S028,"2026-09-19T10:17:54-0500",SLV-002,"00:21:13:05:19:3B",V3.6 2026-09-19 (3.6.1) DEF mascara 0000,P28,P28,484,IX,blanco,0,e,7,"::2272",2272,0,,OK,,1,1
S028,"2026-09-19T10:17:56-0500",SLV-002,"00:21:13:05:19:3B",V3.6 2026-09-19 (3.6.1) DEF mascara 0000,P28,P28,484,IX,blanco,0,e,8,"::2289",2289,0,,OK,,1,1
S028,"2026-09-19T10:17:58-0500",SLV-002,"00:21:13:05:19:3B",V3.6 2026-09-19 (3.6.1) DEF mascara 0000,P28,P28,484,IX,blanco,0,e,9,"::2280",2280,0,,OK,,1,1
S029,"2026-09-19T10:18:15-0500",SLV-002,"00:21:13:05:19:3B",V3.6 2026-09-19 (3.6.1) DEF mascara 0000,P3,P3,378,IV,blanco,0,e,1,"::1672",1672,0,,OK,,1,1
S029,"2026-09-19T10:18:17-0500",SLV-002,"00:21:13:05:19:3B",V3.6 2026-09-19 (3.6.1) DEF mascara 0000,P3,P3,378,IV,blanco,0,e,2,"::1678",1678,0,,OK,,1,1
S029,"2026-09-19T10:18:18-0500",SLV-002,"00:21:13:05:19:3B",V3.6 2026-09-19 (3.6.1) DEF mascara 0000,P3,P3,378,IV,blanco,0,e,3,"::1673",1673,0,,OK,,1,1
S029,"2026-09-19T10:18:20-0500",SLV-002,"00:21:13:05:19:3B",V3.6 2026-09-19 (3.6.1) DEF mascara 0000,P3,P3,378,IV,blanco,0,e,4,"::1671",1671,0,,OK,,1,1
S029,"2026-09-19T10:18:21-0500",SLV-002,"00:21:13:05:19:3B",V3.6 2026-09-19 (3.6.1) DEF mascara 0000,P3,P3,378,IV,blanco,0,e,5,"::1669",1669,0,,OK,,1,1
S029,"2026-09-19T10:18:23-0500",SLV-002,"00:21:13:05:19:3B",V3.6 2026-09-19 (3.6.1) DEF mascara 0000,P3,P3,378,IV,blanco,0,e,6,"::1682",1682,0,,OK,,1,1
S029,"2026-09-19T10:18:25-0500",SLV-002,"00:21:13:05:19:3B",V3.6 2026-09-19 (3.6.1) DEF mascara 0000,P3,P3,378,IV,blanco,0,e,7,"::1671",1671,0,,OK,,1,1
S029,"2026-09-19T10:18:26-0500",SLV-002,"00:21:13:05:19:3B",V3.6 2026-09-19 (3.6.1) DEF mascara 0000,P3,P3,378,IV,blanco,0,e,8,"::1676",1676,0,,OK,,1,1
S029,"2026-09-19T10:18:28-0500",SLV-002,"00:21:13:05:19:3B",V3.6 2026-09-19 (3.6.1) DEF mascara 0000,P3,P3,378,IV,blanco,0,e,9,"::1674",1674,0,,OK,,1,1
S030,"2026-09-19T10:18:44-0500",SLV-002,"00:21:13:05:19:3B",V3.6 2026-09-19 (3.6.1) DEF mascara 0000,P4,P4,828,XI,blanco,0,e,1,"::3307",3307,0,,OK,,1,1
S030,"2026-09-19T10:18:45-0500",SLV-002,"00:21:13:05:19:3B",V3.6 2026-09-19 (3.6.1) DEF mascara 0000,P4,P4,828,XI,blanco,0,e,2,"::3307",3307,0,,OK,,1,1
S030,"2026-09-19T10:18:47-0500",SLV-002,"00:21:13:05:19:3B",V3.6 2026-09-19 (3.6.1) DEF mascara 0000,P4,P4,828,XI,blanco,0,e,3,"::3315",3315,0,,OK,,1,1
S030,"2026-09-19T10:18:48-0500",SLV-002,"00:21:13:05:19:3B",V3.6 2026-09-19 (3.6.1) DEF mascara 0000,P4,P4,828,XI,blanco,0,e,4,"::3312",3312,0,,OK,,1,1
S030,"2026-09-19T10:18:50-0500",SLV-002,"00:21:13:05:19:3B",V3.6 2026-09-19 (3.6.1) DEF mascara 0000,P4,P4,828,XI,blanco,0,e,5,"::3325",3325,0,,OK,,1,1
S030,"2026-09-19T10:18:52-0500",SLV-002,"00:21:13:05:19:3B",V3.6 2026-09-19 (3.6.1) DEF mascara 0000,P4,P4,828,XI,blanco,0,e,6,"::3319",3319,0,,OK,,1,1
S030,"2026-09-19T10:18:53-0500",SLV-002,"00:21:13:05:19:3B",V3.6 2026-09-19 (3.6.1) DEF mascara 0000,P4,P4,828,XI,blanco,0,e,7,"::3329",3329,0,,OK,,1,1
S030,"2026-09-19T10:18:55-0500",SLV-002,"00:21:13:05:19:3B",V3.6 2026-09-19 (3.6.1) DEF mascara 0000,P4,P4,828,XI,blanco,0,e,8,"::3312",3312,0,,OK,,1,1
S030,"2026-09-19T10:18:56-0500",SLV-002,"00:21:13:05:19:3B",V3.6 2026-09-19 (3.6.1) DEF mascara 0000,P4,P4,828,XI,blanco,0,e,9,"::3316",3316,0,,OK,,1,1
S031,"2026-09-19T10:19:11-0500",SLV-002,"00:21:13:05:19:3B",V3.6 2026-09-19 (3.6.1) DEF mascara 0000,P6,P6,772,XI,blanco,0,e,1,"::3165",3165,0,,OK,,1,1
S031,"2026-09-19T10:19:12-0500",SLV-002,"00:21:13:05:19:3B",V3.6 2026-09-19 (3.6.1) DEF mascara 0000,P6,P6,772,XI,blanco,0,e,2,"::3160",3160,0,,OK,,1,1
S031,"2026-09-19T10:19:14-0500",SLV-002,"00:21:13:05:19:3B",V3.6 2026-09-19 (3.6.1) DEF mascara 0000,P6,P6,772,XI,blanco,0,e,3,"::3168",3168,0,,OK,,1,1
S031,"2026-09-19T10:19:15-0500",SLV-002,"00:21:13:05:19:3B",V3.6 2026-09-19 (3.6.1) DEF mascara 0000,P6,P6,772,XI,blanco,0,e,4,"::3169",3169,0,,OK,,1,1
S031,"2026-09-19T10:19:17-0500",SLV-002,"00:21:13:05:19:3B",V3.6 2026-09-19 (3.6.1) DEF mascara 0000,P6,P6,772,XI,blanco,0,e,5,"::3172",3172,0,,OK,,1,1
S031,"2026-09-19T10:19:19-0500",SLV-002,"00:21:13:05:19:3B",V3.6 2026-09-19 (3.6.1) DEF mascara 0000,P6,P6,772,XI,blanco,0,e,6,"::3178",3178,0,,OK,,1,1
S031,"2026-09-19T10:19:20-0500",SLV-002,"00:21:13:05:19:3B",V3.6 2026-09-19 (3.6.1) DEF mascara 0000,P6,P6,772,XI,blanco,0,e,7,"::3165",3165,0,,OK,,1,1
S031,"2026-09-19T10:19:22-0500",SLV-002,"00:21:13:05:19:3B",V3.6 2026-09-19 (3.6.1) DEF mascara 0000,P6,P6,772,XI,blanco,0,e,8,"::3172",3172,0,,OK,,1,1
S031,"2026-09-19T10:19:23-0500",SLV-002,"00:21:13:05:19:3B",V3.6 2026-09-19 (3.6.1) DEF mascara 0000,P6,P6,772,XI,blanco,0,e,9,"::3167",3167,0,,OK,,1,1
S032,"2026-09-19T10:19:36-0500",SLV-002,"00:21:13:05:19:3B",V3.6 2026-09-19 (3.6.1) DEF mascara 0000,P7,P7,768,XI,blanco,0,e,1,"::3116",3116,0,,OK,,1,1
S032,"2026-09-19T10:19:38-0500",SLV-002,"00:21:13:05:19:3B",V3.6 2026-09-19 (3.6.1) DEF mascara 0000,P7,P7,768,XI,blanco,0,e,2,"::3128",3128,0,,OK,,1,1
S032,"2026-09-19T10:19:40-0500",SLV-002,"00:21:13:05:19:3B",V3.6 2026-09-19 (3.6.1) DEF mascara 0000,P7,P7,768,XI,blanco,0,e,3,"::3120",3120,0,,OK,,1,1
S032,"2026-09-19T10:19:41-0500",SLV-002,"00:21:13:05:19:3B",V3.6 2026-09-19 (3.6.1) DEF mascara 0000,P7,P7,768,XI,blanco,0,e,4,"::3125",3125,0,,OK,,1,1
S032,"2026-09-19T10:19:43-0500",SLV-002,"00:21:13:05:19:3B",V3.6 2026-09-19 (3.6.1) DEF mascara 0000,P7,P7,768,XI,blanco,0,e,5,"::3121",3121,0,,OK,,1,1
S032,"2026-09-19T10:19:44-0500",SLV-002,"00:21:13:05:19:3B",V3.6 2026-09-19 (3.6.1) DEF mascara 0000,P7,P7,768,XI,blanco,0,e,6,"::3127",3127,0,,OK,,1,1
S032,"2026-09-19T10:19:46-0500",SLV-002,"00:21:13:05:19:3B",V3.6 2026-09-19 (3.6.1) DEF mascara 0000,P7,P7,768,XI,blanco,0,e,7,"::3130",3130,0,,OK,,1,1
S032,"2026-09-19T10:19:48-0500",SLV-002,"00:21:13:05:19:3B",V3.6 2026-09-19 (3.6.1) DEF mascara 0000,P7,P7,768,XI,blanco,0,e,8,"::3120",3120,0,,OK,,1,1
S032,"2026-09-19T10:19:49-0500",SLV-002,"00:21:13:05:19:3B",V3.6 2026-09-19 (3.6.1) DEF mascara 0000,P7,P7,768,XI,blanco,0,e,9,"::3115",3115,0,,OK,,1,1
S033,"2026-09-19T10:20:22-0500",SLV-002,"00:21:13:05:19:3B",V3.6 2026-09-19 (3.6.1) DEF mascara 0000,P8,P8,721,XI,amarillo,0,e,1,"::2523",2523,0,,OK,,1,1
S033,"2026-09-19T10:20:23-0500",SLV-002,"00:21:13:05:19:3B",V3.6 2026-09-19 (3.6.1) DEF mascara 0000,P8,P8,721,XI,amarillo,0,e,2,"::2533",2533,0,,OK,,1,1
S033,"2026-09-19T10:20:25-0500",SLV-002,"00:21:13:05:19:3B",V3.6 2026-09-19 (3.6.1) DEF mascara 0000,P8,P8,721,XI,amarillo,0,e,3,"::2525",2525,0,,OK,,1,1
S033,"2026-09-19T10:20:26-0500",SLV-002,"00:21:13:05:19:3B",V3.6 2026-09-19 (3.6.1) DEF mascara 0000,P8,P8,721,XI,amarillo,0,e,4,"::2533",2533,0,,OK,,1,1
S033,"2026-09-19T10:20:28-0500",SLV-002,"00:21:13:05:19:3B",V3.6 2026-09-19 (3.6.1) DEF mascara 0000,P8,P8,721,XI,amarillo,0,e,5,"::2537",2537,0,,OK,,1,1
S033,"2026-09-19T10:20:30-0500",SLV-002,"00:21:13:05:19:3B",V3.6 2026-09-19 (3.6.1) DEF mascara 0000,P8,P8,721,XI,amarillo,0,e,6,"::2533",2533,0,,OK,,1,1
S033,"2026-09-19T10:20:31-0500",SLV-002,"00:21:13:05:19:3B",V3.6 2026-09-19 (3.6.1) DEF mascara 0000,P8,P8,721,XI,amarillo,0,e,7,"::2535",2535,0,,OK,,1,1
S033,"2026-09-19T10:20:33-0500",SLV-002,"00:21:13:05:19:3B",V3.6 2026-09-19 (3.6.1) DEF mascara 0000,P8,P8,721,XI,amarillo,0,e,8,"::2535",2535,0,,OK,,1,1
S033,"2026-09-19T10:20:34-0500",SLV-002,"00:21:13:05:19:3B",V3.6 2026-09-19 (3.6.1) DEF mascara 0000,P8,P8,721,XI,amarillo,0,e,9,"::2542",2542,0,,OK,,1,1
S034,"2026-09-19T10:20:52-0500",SLV-002,"00:21:13:05:19:3B",V3.6 2026-09-19 (3.6.1) DEF mascara 0000,P9,P9,705,XI,amarillo,0,e,1,"::2481",2481,0,,DUDOSO,Ok,1,1
S034,"2026-09-19T10:20:53-0500",SLV-002,"00:21:13:05:19:3B",V3.6 2026-09-19 (3.6.1) DEF mascara 0000,P9,P9,705,XI,amarillo,0,e,2,"::2481",2481,0,,DUDOSO,Ok,1,1
S034,"2026-09-19T10:20:55-0500",SLV-002,"00:21:13:05:19:3B",V3.6 2026-09-19 (3.6.1) DEF mascara 0000,P9,P9,705,XI,amarillo,0,e,3,"::2484",2484,0,,DUDOSO,Ok,1,1
S034,"2026-09-19T10:20:56-0500",SLV-002,"00:21:13:05:19:3B",V3.6 2026-09-19 (3.6.1) DEF mascara 0000,P9,P9,705,XI,amarillo,0,e,4,"::2488",2488,0,,DUDOSO,Ok,1,1
S034,"2026-09-19T10:20:58-0500",SLV-002,"00:21:13:05:19:3B",V3.6 2026-09-19 (3.6.1) DEF mascara 0000,P9,P9,705,XI,amarillo,0,e,5,"::2490",2490,0,,DUDOSO,Ok,1,1
S034,"2026-09-19T10:21:00-0500",SLV-002,"00:21:13:05:19:3B",V3.6 2026-09-19 (3.6.1) DEF mascara 0000,P9,P9,705,XI,amarillo,0,e,6,"::2483",2483,0,,DUDOSO,Ok,1,1
S034,"2026-09-19T10:21:01-0500",SLV-002,"00:21:13:05:19:3B",V3.6 2026-09-19 (3.6.1) DEF mascara 0000,P9,P9,705,XI,amarillo,0,e,7,"::2482",2482,0,,DUDOSO,Ok,1,1
S034,"2026-09-19T10:21:03-0500",SLV-002,"00:21:13:05:19:3B",V3.6 2026-09-19 (3.6.1) DEF mascara 0000,P9,P9,705,XI,amarillo,0,e,8,"::2480",2480,0,,DUDOSO,Ok,1,1
S034,"2026-09-19T10:21:04-0500",SLV-002,"00:21:13:05:19:3B",V3.6 2026-09-19 (3.6.1) DEF mascara 0000,P9,P9,705,XI,amarillo,0,e,9,"::2486",2486,0,,DUDOSO,Ok,1,1
S035,"2026-09-19T10:21:35-0500",SLV-002,"00:21:13:05:19:3B",V3.6 2026-09-19 (3.6.1) DEF mascara 0000,P10,P10,680,XI,amarillo,0,e,1,"::2495",2495,0,,DUDOSO,Ok,1,1
S035,"2026-09-19T10:21:37-0500",SLV-002,"00:21:13:05:19:3B",V3.6 2026-09-19 (3.6.1) DEF mascara 0000,P10,P10,680,XI,amarillo,0,e,2,"::2495",2495,0,,DUDOSO,Ok,1,1
S035,"2026-09-19T10:21:38-0500",SLV-002,"00:21:13:05:19:3B",V3.6 2026-09-19 (3.6.1) DEF mascara 0000,P10,P10,680,XI,amarillo,0,e,3,"::2490",2490,0,,DUDOSO,Ok,1,1
S035,"2026-09-19T10:21:40-0500",SLV-002,"00:21:13:05:19:3B",V3.6 2026-09-19 (3.6.1) DEF mascara 0000,P10,P10,680,XI,amarillo,0,e,4,"::2506",2506,0,,DUDOSO,Ok,1,1
S035,"2026-09-19T10:21:42-0500",SLV-002,"00:21:13:05:19:3B",V3.6 2026-09-19 (3.6.1) DEF mascara 0000,P10,P10,680,XI,amarillo,0,e,5,"::2507",2507,0,,DUDOSO,Ok,1,1
S035,"2026-09-19T10:21:43-0500",SLV-002,"00:21:13:05:19:3B",V3.6 2026-09-19 (3.6.1) DEF mascara 0000,P10,P10,680,XI,amarillo,0,e,6,"::2510",2510,0,,DUDOSO,Ok,1,1
S035,"2026-09-19T10:21:45-0500",SLV-002,"00:21:13:05:19:3B",V3.6 2026-09-19 (3.6.1) DEF mascara 0000,P10,P10,680,XI,amarillo,0,e,7,"::2520",2520,0,,DUDOSO,Ok,1,1
S035,"2026-09-19T10:21:46-0500",SLV-002,"00:21:13:05:19:3B",V3.6 2026-09-19 (3.6.1) DEF mascara 0000,P10,P10,680,XI,amarillo,0,e,8,"::2514",2514,0,,DUDOSO,Ok,1,1
S035,"2026-09-19T10:21:48-0500",SLV-002,"00:21:13:05:19:3B",V3.6 2026-09-19 (3.6.1) DEF mascara 0000,P10,P10,680,XI,amarillo,0,e,9,"::2502",2502,0,,DUDOSO,Ok,1,1
S036,"2026-09-19T10:22:42-0500",SLV-002,"00:21:13:05:19:3B",V3.6 2026-09-19 (3.6.1) DEF mascara 0000,P11,P11,194,IV,rojo,0,e,1,"::1715",1715,0,,OK,,1,1
S036,"2026-09-19T10:22:44-0500",SLV-002,"00:21:13:05:19:3B",V3.6 2026-09-19 (3.6.1) DEF mascara 0000,P11,P11,194,IV,rojo,0,e,2,"::1721",1721,0,,OK,,1,1
S036,"2026-09-19T10:22:46-0500",SLV-002,"00:21:13:05:19:3B",V3.6 2026-09-19 (3.6.1) DEF mascara 0000,P11,P11,194,IV,rojo,0,e,3,"::1725",1725,0,,OK,,1,1
S036,"2026-09-19T10:22:47-0500",SLV-002,"00:21:13:05:19:3B",V3.6 2026-09-19 (3.6.1) DEF mascara 0000,P11,P11,194,IV,rojo,0,e,4,"::1722",1722,0,,OK,,1,1
S036,"2026-09-19T10:22:49-0500",SLV-002,"00:21:13:05:19:3B",V3.6 2026-09-19 (3.6.1) DEF mascara 0000,P11,P11,194,IV,rojo,0,e,5,"::1725",1725,0,,OK,,1,1
S036,"2026-09-19T10:22:50-0500",SLV-002,"00:21:13:05:19:3B",V3.6 2026-09-19 (3.6.1) DEF mascara 0000,P11,P11,194,IV,rojo,0,e,6,"::1718",1718,0,,OK,,1,1
S036,"2026-09-19T10:22:52-0500",SLV-002,"00:21:13:05:19:3B",V3.6 2026-09-19 (3.6.1) DEF mascara 0000,P11,P11,194,IV,rojo,0,e,7,"::1731",1731,0,,OK,,1,1
S036,"2026-09-19T10:22:54-0500",SLV-002,"00:21:13:05:19:3B",V3.6 2026-09-19 (3.6.1) DEF mascara 0000,P11,P11,194,IV,rojo,0,e,8,"::1725",1725,0,,OK,,1,1
S036,"2026-09-19T10:22:55-0500",SLV-002,"00:21:13:05:19:3B",V3.6 2026-09-19 (3.6.1) DEF mascara 0000,P11,P11,194,IV,rojo,0,e,9,"::1724",1724,0,,OK,,1,1
S037,"2026-09-19T10:23:08-0500",SLV-002,"00:21:13:05:19:3B",V3.6 2026-09-19 (3.6.1) DEF mascara 0000,P12,P12,227,IV,rojo,0,e,1,"::1769",1769,0,,OK,,1,1
S037,"2026-09-19T10:23:10-0500",SLV-002,"00:21:13:05:19:3B",V3.6 2026-09-19 (3.6.1) DEF mascara 0000,P12,P12,227,IV,rojo,0,e,2,"::1756",1756,0,,OK,,1,1
S037,"2026-09-19T10:23:11-0500",SLV-002,"00:21:13:05:19:3B",V3.6 2026-09-19 (3.6.1) DEF mascara 0000,P12,P12,227,IV,rojo,0,e,3,"::1756",1756,0,,OK,,1,1
S037,"2026-09-19T10:23:13-0500",SLV-002,"00:21:13:05:19:3B",V3.6 2026-09-19 (3.6.1) DEF mascara 0000,P12,P12,227,IV,rojo,0,e,4,"::1769",1769,0,,OK,,1,1
S037,"2026-09-19T10:23:14-0500",SLV-002,"00:21:13:05:19:3B",V3.6 2026-09-19 (3.6.1) DEF mascara 0000,P12,P12,227,IV,rojo,0,e,5,"::1747",1747,0,,OK,,1,1
S037,"2026-09-19T10:23:16-0500",SLV-002,"00:21:13:05:19:3B",V3.6 2026-09-19 (3.6.1) DEF mascara 0000,P12,P12,227,IV,rojo,0,e,6,"::1763",1763,0,,OK,,1,1
S037,"2026-09-19T10:23:18-0500",SLV-002,"00:21:13:05:19:3B",V3.6 2026-09-19 (3.6.1) DEF mascara 0000,P12,P12,227,IV,rojo,0,e,7,"::1758",1758,0,,OK,,1,1
S037,"2026-09-19T10:23:19-0500",SLV-002,"00:21:13:05:19:3B",V3.6 2026-09-19 (3.6.1) DEF mascara 0000,P12,P12,227,IV,rojo,0,e,8,"::1768",1768,0,,OK,,1,1
S037,"2026-09-19T10:23:21-0500",SLV-002,"00:21:13:05:19:3B",V3.6 2026-09-19 (3.6.1) DEF mascara 0000,P12,P12,227,IV,rojo,0,e,9,"::1771",1771,0,,OK,,1,1
S038,"2026-09-19T10:23:33-0500",SLV-002,"00:21:13:05:19:3B",V3.6 2026-09-19 (3.6.1) DEF mascara 0000,P13,P13,168,XI,verde,0,e,1,"::828",828,0,,OK,,1,1
S038,"2026-09-19T10:23:35-0500",SLV-002,"00:21:13:05:19:3B",V3.6 2026-09-19 (3.6.1) DEF mascara 0000,P13,P13,168,XI,verde,0,e,2,"::830",830,0,,OK,,1,1
S038,"2026-09-19T10:23:36-0500",SLV-002,"00:21:13:05:19:3B",V3.6 2026-09-19 (3.6.1) DEF mascara 0000,P13,P13,168,XI,verde,0,e,3,"::832",832,0,,OK,,1,1
S038,"2026-09-19T10:23:38-0500",SLV-002,"00:21:13:05:19:3B",V3.6 2026-09-19 (3.6.1) DEF mascara 0000,P13,P13,168,XI,verde,0,e,4,"::829",829,0,,OK,,1,1
S038,"2026-09-19T10:23:40-0500",SLV-002,"00:21:13:05:19:3B",V3.6 2026-09-19 (3.6.1) DEF mascara 0000,P13,P13,168,XI,verde,0,e,5,"::831",831,0,,OK,,1,1
S038,"2026-09-19T10:23:41-0500",SLV-002,"00:21:13:05:19:3B",V3.6 2026-09-19 (3.6.1) DEF mascara 0000,P13,P13,168,XI,verde,0,e,6,"::831",831,0,,OK,,1,1
S038,"2026-09-19T10:23:43-0500",SLV-002,"00:21:13:05:19:3B",V3.6 2026-09-19 (3.6.1) DEF mascara 0000,P13,P13,168,XI,verde,0,e,7,"::833",833,0,,OK,,1,1
S038,"2026-09-19T10:23:44-0500",SLV-002,"00:21:13:05:19:3B",V3.6 2026-09-19 (3.6.1) DEF mascara 0000,P13,P13,168,XI,verde,0,e,8,"::831",831,0,,OK,,1,1
S038,"2026-09-19T10:23:46-0500",SLV-002,"00:21:13:05:19:3B",V3.6 2026-09-19 (3.6.1) DEF mascara 0000,P13,P13,168,XI,verde,0,e,9,"::833",833,0,,OK,,1,1
S039,"2026-09-19T10:24:00-0500",SLV-002,"00:21:13:05:19:3B",V3.6 2026-09-19 (3.6.1) DEF mascara 0000,P14,P14,173,XI,verde,0,e,1,"::846",846,0,,OK,,1,1
S039,"2026-09-19T10:24:02-0500",SLV-002,"00:21:13:05:19:3B",V3.6 2026-09-19 (3.6.1) DEF mascara 0000,P14,P14,173,XI,verde,0,e,2,"::843",843,0,,OK,,1,1
S039,"2026-09-19T10:24:03-0500",SLV-002,"00:21:13:05:19:3B",V3.6 2026-09-19 (3.6.1) DEF mascara 0000,P14,P14,173,XI,verde,0,e,3,"::850",850,0,,OK,,1,1
S039,"2026-09-19T10:24:05-0500",SLV-002,"00:21:13:05:19:3B",V3.6 2026-09-19 (3.6.1) DEF mascara 0000,P14,P14,173,XI,verde,0,e,4,"::846",846,0,,OK,,1,1
S039,"2026-09-19T10:24:06-0500",SLV-002,"00:21:13:05:19:3B",V3.6 2026-09-19 (3.6.1) DEF mascara 0000,P14,P14,173,XI,verde,0,e,5,"::854",854,0,,OK,,1,1
S039,"2026-09-19T10:24:08-0500",SLV-002,"00:21:13:05:19:3B",V3.6 2026-09-19 (3.6.1) DEF mascara 0000,P14,P14,173,XI,verde,0,e,6,"::856",856,0,,OK,,1,1
S039,"2026-09-19T10:24:10-0500",SLV-002,"00:21:13:05:19:3B",V3.6 2026-09-19 (3.6.1) DEF mascara 0000,P14,P14,173,XI,verde,0,e,7,"::848",848,0,,OK,,1,1
S039,"2026-09-19T10:24:11-0500",SLV-002,"00:21:13:05:19:3B",V3.6 2026-09-19 (3.6.1) DEF mascara 0000,P14,P14,173,XI,verde,0,e,8,"::850",850,0,,OK,,1,1
S039,"2026-09-19T10:24:13-0500",SLV-002,"00:21:13:05:19:3B",V3.6 2026-09-19 (3.6.1) DEF mascara 0000,P14,P14,173,XI,verde,0,e,9,"::849",849,0,,OK,,1,1
S040,"2026-09-19T10:24:25-0500",SLV-002,"00:21:13:05:19:3B",V3.6 2026-09-19 (3.6.1) DEF mascara 0000,P15,P15,164,XI,verde,0,e,1,"::841",841,0,,DUDOSO,Ok,1,1
S040,"2026-09-19T10:24:26-0500",SLV-002,"00:21:13:05:19:3B",V3.6 2026-09-19 (3.6.1) DEF mascara 0000,P15,P15,164,XI,verde,0,e,2,"::843",843,0,,DUDOSO,Ok,1,1
S040,"2026-09-19T10:24:28-0500",SLV-002,"00:21:13:05:19:3B",V3.6 2026-09-19 (3.6.1) DEF mascara 0000,P15,P15,164,XI,verde,0,e,3,"::847",847,0,,DUDOSO,Ok,1,1
S040,"2026-09-19T10:24:29-0500",SLV-002,"00:21:13:05:19:3B",V3.6 2026-09-19 (3.6.1) DEF mascara 0000,P15,P15,164,XI,verde,0,e,4,"::841",841,0,,DUDOSO,Ok,1,1
S040,"2026-09-19T10:24:31-0500",SLV-002,"00:21:13:05:19:3B",V3.6 2026-09-19 (3.6.1) DEF mascara 0000,P15,P15,164,XI,verde,0,e,5,"::840",840,0,,DUDOSO,Ok,1,1
S040,"2026-09-19T10:24:33-0500",SLV-002,"00:21:13:05:19:3B",V3.6 2026-09-19 (3.6.1) DEF mascara 0000,P15,P15,164,XI,verde,0,e,6,"::841",841,0,,DUDOSO,Ok,1,1
S040,"2026-09-19T10:24:34-0500",SLV-002,"00:21:13:05:19:3B",V3.6 2026-09-19 (3.6.1) DEF mascara 0000,P15,P15,164,XI,verde,0,e,7,"::847",847,0,,DUDOSO,Ok,1,1
S040,"2026-09-19T10:24:36-0500",SLV-002,"00:21:13:05:19:3B",V3.6 2026-09-19 (3.6.1) DEF mascara 0000,P15,P15,164,XI,verde,0,e,8,"::835",835,0,,DUDOSO,Ok,1,1
S040,"2026-09-19T10:24:37-0500",SLV-002,"00:21:13:05:19:3B",V3.6 2026-09-19 (3.6.1) DEF mascara 0000,P15,P15,164,XI,verde,0,e,9,"::854",854,0,,DUDOSO,Ok,1,1
S041,"2026-09-19T10:24:57-0500",SLV-002,"00:21:13:05:19:3B",V3.6 2026-09-19 (3.6.1) DEF mascara 0000,P16,P16,170,XI,verde,0,e,1,"::846",846,0,,DUDOSO,Ok,1,1
S041,"2026-09-19T10:24:58-0500",SLV-002,"00:21:13:05:19:3B",V3.6 2026-09-19 (3.6.1) DEF mascara 0000,P16,P16,170,XI,verde,0,e,2,"::848",848,0,,DUDOSO,Ok,1,1
S041,"2026-09-19T10:25:00-0500",SLV-002,"00:21:13:05:19:3B",V3.6 2026-09-19 (3.6.1) DEF mascara 0000,P16,P16,170,XI,verde,0,e,3,"::850",850,0,,DUDOSO,Ok,1,1
S041,"2026-09-19T10:25:02-0500",SLV-002,"00:21:13:05:19:3B",V3.6 2026-09-19 (3.6.1) DEF mascara 0000,P16,P16,170,XI,verde,0,e,4,"::847",847,0,,DUDOSO,Ok,1,1
S041,"2026-09-19T10:25:03-0500",SLV-002,"00:21:13:05:19:3B",V3.6 2026-09-19 (3.6.1) DEF mascara 0000,P16,P16,170,XI,verde,0,e,5,"::848",848,0,,DUDOSO,Ok,1,1
S041,"2026-09-19T10:25:05-0500",SLV-002,"00:21:13:05:19:3B",V3.6 2026-09-19 (3.6.1) DEF mascara 0000,P16,P16,170,XI,verde,0,e,6,"::839",839,0,,DUDOSO,Ok,1,1
S041,"2026-09-19T10:25:06-0500",SLV-002,"00:21:13:05:19:3B",V3.6 2026-09-19 (3.6.1) DEF mascara 0000,P16,P16,170,XI,verde,0,e,7,"::845",845,0,,DUDOSO,Ok,1,1
S041,"2026-09-19T10:25:08-0500",SLV-002,"00:21:13:05:19:3B",V3.6 2026-09-19 (3.6.1) DEF mascara 0000,P16,P16,170,XI,verde,0,e,8,"::852",852,0,,DUDOSO,Ok,1,1
S041,"2026-09-19T10:25:10-0500",SLV-002,"00:21:13:05:19:3B",V3.6 2026-09-19 (3.6.1) DEF mascara 0000,P16,P16,170,XI,verde,0,e,9,"::845",845,0,,DUDOSO,Ok,1,1
S042,"2026-09-19T10:25:26-0500",SLV-002,"00:21:13:05:19:3B",V3.6 2026-09-19 (3.6.1) DEF mascara 0000,P17,P17,83,XI,azul,0,e,1,"::824",824,0,,OK,,1,1
S042,"2026-09-19T10:25:28-0500",SLV-002,"00:21:13:05:19:3B",V3.6 2026-09-19 (3.6.1) DEF mascara 0000,P17,P17,83,XI,azul,0,e,2,"::827",827,0,,OK,,1,1
S042,"2026-09-19T10:25:30-0500",SLV-002,"00:21:13:05:19:3B",V3.6 2026-09-19 (3.6.1) DEF mascara 0000,P17,P17,83,XI,azul,0,e,3,"::824",824,0,,OK,,1,1
S042,"2026-09-19T10:25:31-0500",SLV-002,"00:21:13:05:19:3B",V3.6 2026-09-19 (3.6.1) DEF mascara 0000,P17,P17,83,XI,azul,0,e,4,"::824",824,0,,OK,,1,1
S042,"2026-09-19T10:25:33-0500",SLV-002,"00:21:13:05:19:3B",V3.6 2026-09-19 (3.6.1) DEF mascara 0000,P17,P17,83,XI,azul,0,e,5,"::833",833,0,,OK,,1,1
S042,"2026-09-19T10:25:34-0500",SLV-002,"00:21:13:05:19:3B",V3.6 2026-09-19 (3.6.1) DEF mascara 0000,P17,P17,83,XI,azul,0,e,6,"::825",825,0,,OK,,1,1
S042,"2026-09-19T10:25:36-0500",SLV-002,"00:21:13:05:19:3B",V3.6 2026-09-19 (3.6.1) DEF mascara 0000,P17,P17,83,XI,azul,0,e,7,"::836",836,0,,OK,,1,1
S042,"2026-09-19T10:25:38-0500",SLV-002,"00:21:13:05:19:3B",V3.6 2026-09-19 (3.6.1) DEF mascara 0000,P17,P17,83,XI,azul,0,e,8,"::836",836,0,,OK,,1,1
S042,"2026-09-19T10:25:39-0500",SLV-002,"00:21:13:05:19:3B",V3.6 2026-09-19 (3.6.1) DEF mascara 0000,P17,P17,83,XI,azul,0,e,9,"::827",827,0,,OK,,1,1
S043,"2026-09-19T10:25:51-0500",SLV-002,"00:21:13:05:19:3B",V3.6 2026-09-19 (3.6.1) DEF mascara 0000,P18,P18,84,XI,azul,0,e,1,"::811",811,0,,OK,,1,1
S043,"2026-09-19T10:25:53-0500",SLV-002,"00:21:13:05:19:3B",V3.6 2026-09-19 (3.6.1) DEF mascara 0000,P18,P18,84,XI,azul,0,e,2,"::809",809,0,,OK,,1,1
S043,"2026-09-19T10:25:54-0500",SLV-002,"00:21:13:05:19:3B",V3.6 2026-09-19 (3.6.1) DEF mascara 0000,P18,P18,84,XI,azul,0,e,3,"::812",812,0,,OK,,1,1
S043,"2026-09-19T10:25:56-0500",SLV-002,"00:21:13:05:19:3B",V3.6 2026-09-19 (3.6.1) DEF mascara 0000,P18,P18,84,XI,azul,0,e,4,"::808",808,0,,OK,,1,1
S043,"2026-09-19T10:25:57-0500",SLV-002,"00:21:13:05:19:3B",V3.6 2026-09-19 (3.6.1) DEF mascara 0000,P18,P18,84,XI,azul,0,e,5,"::805",805,0,,OK,,1,1
S043,"2026-09-19T10:25:59-0500",SLV-002,"00:21:13:05:19:3B",V3.6 2026-09-19 (3.6.1) DEF mascara 0000,P18,P18,84,XI,azul,0,e,6,"::811",811,0,,OK,,1,1
S043,"2026-09-19T10:26:01-0500",SLV-002,"00:21:13:05:19:3B",V3.6 2026-09-19 (3.6.1) DEF mascara 0000,P18,P18,84,XI,azul,0,e,7,"::826",826,0,,OK,,1,1
S043,"2026-09-19T10:26:02-0500",SLV-002,"00:21:13:05:19:3B",V3.6 2026-09-19 (3.6.1) DEF mascara 0000,P18,P18,84,XI,azul,0,e,8,"::816",816,0,,OK,,1,1
S043,"2026-09-19T10:26:04-0500",SLV-002,"00:21:13:05:19:3B",V3.6 2026-09-19 (3.6.1) DEF mascara 0000,P18,P18,84,XI,azul,0,e,9,"::823",823,0,,OK,,1,1
S044,"2026-09-19T10:26:14-0500",SLV-002,"00:21:13:05:19:3B",V3.6 2026-09-19 (3.6.1) DEF mascara 0000,P19,P19,85,XI,azul,0,e,1,"::820",820,0,,OK,,1,1
S044,"2026-09-19T10:26:16-0500",SLV-002,"00:21:13:05:19:3B",V3.6 2026-09-19 (3.6.1) DEF mascara 0000,P19,P19,85,XI,azul,0,e,2,"::822",822,0,,OK,,1,1
S044,"2026-09-19T10:26:17-0500",SLV-002,"00:21:13:05:19:3B",V3.6 2026-09-19 (3.6.1) DEF mascara 0000,P19,P19,85,XI,azul,0,e,3,"::831",831,0,,OK,,1,1
S044,"2026-09-19T10:26:19-0500",SLV-002,"00:21:13:05:19:3B",V3.6 2026-09-19 (3.6.1) DEF mascara 0000,P19,P19,85,XI,azul,0,e,4,"::823",823,0,,OK,,1,1
S044,"2026-09-19T10:26:21-0500",SLV-002,"00:21:13:05:19:3B",V3.6 2026-09-19 (3.6.1) DEF mascara 0000,P19,P19,85,XI,azul,0,e,5,"::824",824,0,,OK,,1,1
S044,"2026-09-19T10:26:22-0500",SLV-002,"00:21:13:05:19:3B",V3.6 2026-09-19 (3.6.1) DEF mascara 0000,P19,P19,85,XI,azul,0,e,6,"::818",818,0,,OK,,1,1
S044,"2026-09-19T10:26:24-0500",SLV-002,"00:21:13:05:19:3B",V3.6 2026-09-19 (3.6.1) DEF mascara 0000,P19,P19,85,XI,azul,0,e,7,"::823",823,0,,OK,,1,1
S044,"2026-09-19T10:26:25-0500",SLV-002,"00:21:13:05:19:3B",V3.6 2026-09-19 (3.6.1) DEF mascara 0000,P19,P19,85,XI,azul,0,e,8,"::825",825,0,,OK,,1,1
S044,"2026-09-19T10:26:27-0500",SLV-002,"00:21:13:05:19:3B",V3.6 2026-09-19 (3.6.1) DEF mascara 0000,P19,P19,85,XI,azul,0,e,9,"::826",826,0,,OK,,1,1
S045,"2026-09-19T10:26:39-0500",SLV-002,"00:21:13:05:19:3B",V3.6 2026-09-19 (3.6.1) DEF mascara 0000,P20,P20,782,XI,amarillo,0,e,1,"::2774",2774,0,,OK,,1,1
S045,"2026-09-19T10:26:40-0500",SLV-002,"00:21:13:05:19:3B",V3.6 2026-09-19 (3.6.1) DEF mascara 0000,P20,P20,782,XI,amarillo,0,e,2,"::2784",2784,0,,OK,,1,1
S045,"2026-09-19T10:26:42-0500",SLV-002,"00:21:13:05:19:3B",V3.6 2026-09-19 (3.6.1) DEF mascara 0000,P20,P20,782,XI,amarillo,0,e,3,"::2786",2786,0,,OK,,1,1
S045,"2026-09-19T10:26:44-0500",SLV-002,"00:21:13:05:19:3B",V3.6 2026-09-19 (3.6.1) DEF mascara 0000,P20,P20,782,XI,amarillo,0,e,4,"::2798",2798,0,,OK,,1,1
S045,"2026-09-19T10:26:45-0500",SLV-002,"00:21:13:05:19:3B",V3.6 2026-09-19 (3.6.1) DEF mascara 0000,P20,P20,782,XI,amarillo,0,e,5,"::2792",2792,0,,OK,,1,1
S045,"2026-09-19T10:26:47-0500",SLV-002,"00:21:13:05:19:3B",V3.6 2026-09-19 (3.6.1) DEF mascara 0000,P20,P20,782,XI,amarillo,0,e,6,"::2788",2788,0,,OK,,1,1
S045,"2026-09-19T10:26:48-0500",SLV-002,"00:21:13:05:19:3B",V3.6 2026-09-19 (3.6.1) DEF mascara 0000,P20,P20,782,XI,amarillo,0,e,7,"::2784",2784,0,,OK,,1,1
S045,"2026-09-19T10:26:50-0500",SLV-002,"00:21:13:05:19:3B",V3.6 2026-09-19 (3.6.1) DEF mascara 0000,P20,P20,782,XI,amarillo,0,e,8,"::2783",2783,0,,OK,,1,1
S045,"2026-09-19T10:26:52-0500",SLV-002,"00:21:13:05:19:3B",V3.6 2026-09-19 (3.6.1) DEF mascara 0000,P20,P20,782,XI,amarillo,0,e,9,"::2800",2800,0,,OK,,1,1
S046,"2026-09-19T10:27:02-0500",SLV-002,"00:21:13:05:19:3B",V3.6 2026-09-19 (3.6.1) DEF mascara 0000,P21,P21,375,IV,amarillo,0,e,1,"::1559",1559,0,,OK,,1,1
S046,"2026-09-19T10:27:04-0500",SLV-002,"00:21:13:05:19:3B",V3.6 2026-09-19 (3.6.1) DEF mascara 0000,P21,P21,375,IV,amarillo,0,e,2,"::1555",1555,0,,OK,,1,1
S046,"2026-09-19T10:27:06-0500",SLV-002,"00:21:13:05:19:3B",V3.6 2026-09-19 (3.6.1) DEF mascara 0000,P21,P21,375,IV,amarillo,0,e,3,"::1563",1563,0,,OK,,1,1
S046,"2026-09-19T10:27:07-0500",SLV-002,"00:21:13:05:19:3B",V3.6 2026-09-19 (3.6.1) DEF mascara 0000,P21,P21,375,IV,amarillo,0,e,4,"::1561",1561,0,,OK,,1,1
S046,"2026-09-19T10:27:09-0500",SLV-002,"00:21:13:05:19:3B",V3.6 2026-09-19 (3.6.1) DEF mascara 0000,P21,P21,375,IV,amarillo,0,e,5,"::1565",1565,0,,OK,,1,1
S046,"2026-09-19T10:27:10-0500",SLV-002,"00:21:13:05:19:3B",V3.6 2026-09-19 (3.6.1) DEF mascara 0000,P21,P21,375,IV,amarillo,0,e,6,"::1564",1564,0,,OK,,1,1
S046,"2026-09-19T10:27:12-0500",SLV-002,"00:21:13:05:19:3B",V3.6 2026-09-19 (3.6.1) DEF mascara 0000,P21,P21,375,IV,amarillo,0,e,7,"::1563",1563,0,,OK,,1,1
S046,"2026-09-19T10:27:14-0500",SLV-002,"00:21:13:05:19:3B",V3.6 2026-09-19 (3.6.1) DEF mascara 0000,P21,P21,375,IV,amarillo,0,e,8,"::1555",1555,0,,OK,,1,1
S046,"2026-09-19T10:27:15-0500",SLV-002,"00:21:13:05:19:3B",V3.6 2026-09-19 (3.6.1) DEF mascara 0000,P21,P21,375,IV,amarillo,0,e,9,"::1577",1577,0,,OK,,1,1
S047,"2026-09-19T10:27:36-0500",SLV-002,"00:21:13:05:19:3B",V3.6 2026-09-19 (3.6.1) DEF mascara 0000,P24,P24,593,IV,amarillo,0,e,1,"::1975",1975,0,,OK,,1,1
S047,"2026-09-19T10:27:37-0500",SLV-002,"00:21:13:05:19:3B",V3.6 2026-09-19 (3.6.1) DEF mascara 0000,P24,P24,593,IV,amarillo,0,e,2,"::1979",1979,0,,OK,,1,1
S047,"2026-09-19T10:27:39-0500",SLV-002,"00:21:13:05:19:3B",V3.6 2026-09-19 (3.6.1) DEF mascara 0000,P24,P24,593,IV,amarillo,0,e,3,"::1980",1980,0,,OK,,1,1
S047,"2026-09-19T10:27:41-0500",SLV-002,"00:21:13:05:19:3B",V3.6 2026-09-19 (3.6.1) DEF mascara 0000,P24,P24,593,IV,amarillo,0,e,4,"::1983",1983,0,,OK,,1,1
S047,"2026-09-19T10:27:42-0500",SLV-002,"00:21:13:05:19:3B",V3.6 2026-09-19 (3.6.1) DEF mascara 0000,P24,P24,593,IV,amarillo,0,e,5,"::1978",1978,0,,OK,,1,1
S047,"2026-09-19T10:27:44-0500",SLV-002,"00:21:13:05:19:3B",V3.6 2026-09-19 (3.6.1) DEF mascara 0000,P24,P24,593,IV,amarillo,0,e,6,"::1987",1987,0,,OK,,1,1
S047,"2026-09-19T10:27:45-0500",SLV-002,"00:21:13:05:19:3B",V3.6 2026-09-19 (3.6.1) DEF mascara 0000,P24,P24,593,IV,amarillo,0,e,7,"::1981",1981,0,,OK,,1,1
S047,"2026-09-19T10:27:47-0500",SLV-002,"00:21:13:05:19:3B",V3.6 2026-09-19 (3.6.1) DEF mascara 0000,P24,P24,593,IV,amarillo,0,e,8,"::1988",1988,0,,OK,,1,1
S047,"2026-09-19T10:27:48-0500",SLV-002,"00:21:13:05:19:3B",V3.6 2026-09-19 (3.6.1) DEF mascara 0000,P24,P24,593,IV,amarillo,0,e,9,"::1993",1993,0,,OK,,1,1
S048,"2026-09-19T10:28:42-0500",SLV-002,"00:21:13:05:19:3B",V3.6 2026-09-19 (3.6.1) DEF mascara 0000,P22,P22,334,IV,amarillo,0,e,1,"::1492",1492,0,,OK,,1,1
S048,"2026-09-19T10:28:43-0500",SLV-002,"00:21:13:05:19:3B",V3.6 2026-09-19 (3.6.1) DEF mascara 0000,P22,P22,334,IV,amarillo,0,e,2,"::1497",1497,0,,OK,,1,1
S048,"2026-09-19T10:28:45-0500",SLV-002,"00:21:13:05:19:3B",V3.6 2026-09-19 (3.6.1) DEF mascara 0000,P22,P22,334,IV,amarillo,0,e,3,"::1493",1493,0,,OK,,1,1
S048,"2026-09-19T10:28:47-0500",SLV-002,"00:21:13:05:19:3B",V3.6 2026-09-19 (3.6.1) DEF mascara 0000,P22,P22,334,IV,amarillo,0,e,4,"::1500",1500,0,,OK,,1,1
S048,"2026-09-19T10:28:48-0500",SLV-002,"00:21:13:05:19:3B",V3.6 2026-09-19 (3.6.1) DEF mascara 0000,P22,P22,334,IV,amarillo,0,e,5,"::1486",1486,0,,OK,,1,1
S048,"2026-09-19T10:28:50-0500",SLV-002,"00:21:13:05:19:3B",V3.6 2026-09-19 (3.6.1) DEF mascara 0000,P22,P22,334,IV,amarillo,0,e,6,"::1497",1497,0,,OK,,1,1
S048,"2026-09-19T10:28:51-0500",SLV-002,"00:21:13:05:19:3B",V3.6 2026-09-19 (3.6.1) DEF mascara 0000,P22,P22,334,IV,amarillo,0,e,7,"::1503",1503,0,,OK,,1,1
S048,"2026-09-19T10:28:53-0500",SLV-002,"00:21:13:05:19:3B",V3.6 2026-09-19 (3.6.1) DEF mascara 0000,P22,P22,334,IV,amarillo,0,e,8,"::1498",1498,0,,OK,,1,1
S048,"2026-09-19T10:28:55-0500",SLV-002,"00:21:13:05:19:3B",V3.6 2026-09-19 (3.6.1) DEF mascara 0000,P22,P22,334,IV,amarillo,0,e,9,"::1507",1507,0,,OK,,1,1
S049,"2026-09-19T10:29:43-0500",SLV-002,"00:21:13:05:19:3B",V3.6 2026-09-19 (3.6.1) DEF mascara 0000,P23,P23,714,XI,amarillo,0,e,1,"::2732",2732,0,,DUDOSO,repetida,0,0
S049,"2026-09-19T10:29:44-0500",SLV-002,"00:21:13:05:19:3B",V3.6 2026-09-19 (3.6.1) DEF mascara 0000,P23,P23,714,XI,amarillo,0,e,2,"::2727",2727,0,,DUDOSO,repetida,0,0
S049,"2026-09-19T10:29:46-0500",SLV-002,"00:21:13:05:19:3B",V3.6 2026-09-19 (3.6.1) DEF mascara 0000,P23,P23,714,XI,amarillo,0,e,3,"::2735",2735,0,,DUDOSO,repetida,0,0
S049,"2026-09-19T10:29:47-0500",SLV-002,"00:21:13:05:19:3B",V3.6 2026-09-19 (3.6.1) DEF mascara 0000,P23,P23,714,XI,amarillo,0,e,4,"::2746",2746,0,,DUDOSO,repetida,0,0
S049,"2026-09-19T10:29:49-0500",SLV-002,"00:21:13:05:19:3B",V3.6 2026-09-19 (3.6.1) DEF mascara 0000,P23,P23,714,XI,amarillo,0,e,5,"::2737",2737,0,,DUDOSO,repetida,0,0
S049,"2026-09-19T10:29:51-0500",SLV-002,"00:21:13:05:19:3B",V3.6 2026-09-19 (3.6.1) DEF mascara 0000,P23,P23,714,XI,amarillo,0,e,6,"::2734",2734,0,,DUDOSO,repetida,0,0
S049,"2026-09-19T10:29:52-0500",SLV-002,"00:21:13:05:19:3B",V3.6 2026-09-19 (3.6.1) DEF mascara 0000,P23,P23,714,XI,amarillo,0,e,7,"::2727",2727,0,,DUDOSO,repetida,0,0
S049,"2026-09-19T10:29:54-0500",SLV-002,"00:21:13:05:19:3B",V3.6 2026-09-19 (3.6.1) DEF mascara 0000,P23,P23,714,XI,amarillo,0,e,8,"::2724",2724,0,,DUDOSO,repetida,0,0
S049,"2026-09-19T10:29:55-0500",SLV-002,"00:21:13:05:19:3B",V3.6 2026-09-19 (3.6.1) DEF mascara 0000,P23,P23,714,XI,amarillo,0,e,9,"::2738",2738,0,,DUDOSO,repetida,0,0
S050,"2026-09-19T10:30:00-0500",SLV-002,"00:21:13:05:19:3B",V3.6 2026-09-19 (3.6.1) DEF mascara 0000,P23,P23,714,XI,amarillo,0,e,1,"::2733",2733,0,,DUDOSO,Ok,1,1
S050,"2026-09-19T10:30:02-0500",SLV-002,"00:21:13:05:19:3B",V3.6 2026-09-19 (3.6.1) DEF mascara 0000,P23,P23,714,XI,amarillo,0,e,2,"::2734",2734,0,,DUDOSO,Ok,1,1
S050,"2026-09-19T10:30:03-0500",SLV-002,"00:21:13:05:19:3B",V3.6 2026-09-19 (3.6.1) DEF mascara 0000,P23,P23,714,XI,amarillo,0,e,3,"::2743",2743,0,,DUDOSO,Ok,1,1
S050,"2026-09-19T10:30:05-0500",SLV-002,"00:21:13:05:19:3B",V3.6 2026-09-19 (3.6.1) DEF mascara 0000,P23,P23,714,XI,amarillo,0,e,4,"::2739",2739,0,,DUDOSO,Ok,1,1
S050,"2026-09-19T10:30:06-0500",SLV-002,"00:21:13:05:19:3B",V3.6 2026-09-19 (3.6.1) DEF mascara 0000,P23,P23,714,XI,amarillo,0,e,5,"::2725",2725,0,,DUDOSO,Ok,1,1
S050,"2026-09-19T10:30:08-0500",SLV-002,"00:21:13:05:19:3B",V3.6 2026-09-19 (3.6.1) DEF mascara 0000,P23,P23,714,XI,amarillo,0,e,6,"::2739",2739,0,,DUDOSO,Ok,1,1
S050,"2026-09-19T10:30:10-0500",SLV-002,"00:21:13:05:19:3B",V3.6 2026-09-19 (3.6.1) DEF mascara 0000,P23,P23,714,XI,amarillo,0,e,7,"::2742",2742,0,,DUDOSO,Ok,1,1
S050,"2026-09-19T10:30:11-0500",SLV-002,"00:21:13:05:19:3B",V3.6 2026-09-19 (3.6.1) DEF mascara 0000,P23,P23,714,XI,amarillo,0,e,8,"::2735",2735,0,,DUDOSO,Ok,1,1
S050,"2026-09-19T10:30:13-0500",SLV-002,"00:21:13:05:19:3B",V3.6 2026-09-19 (3.6.1) DEF mascara 0000,P23,P23,714,XI,amarillo,0,e,9,"::2729",2729,0,,DUDOSO,Ok,1,1
S051,"2026-09-19T10:30:34-0500",SLV-002,"00:21:13:05:19:3B",V3.6 2026-09-19 (3.6.1) DEF mascara 0000,P25,P25,576,IX,amarillo,0,e,1,"::2151",2151,0,,OK,,1,1
S051,"2026-09-19T10:30:36-0500",SLV-002,"00:21:13:05:19:3B",V3.6 2026-09-19 (3.6.1) DEF mascara 0000,P25,P25,576,IX,amarillo,0,e,2,"::2161",2161,0,,OK,,1,1
S051,"2026-09-19T10:30:37-0500",SLV-002,"00:21:13:05:19:3B",V3.6 2026-09-19 (3.6.1) DEF mascara 0000,P25,P25,576,IX,amarillo,0,e,3,"::2158",2158,0,,OK,,1,1
S051,"2026-09-19T10:30:39-0500",SLV-002,"00:21:13:05:19:3B",V3.6 2026-09-19 (3.6.1) DEF mascara 0000,P25,P25,576,IX,amarillo,0,e,4,"::2162",2162,0,,OK,,1,1
S051,"2026-09-19T10:30:40-0500",SLV-002,"00:21:13:05:19:3B",V3.6 2026-09-19 (3.6.1) DEF mascara 0000,P25,P25,576,IX,amarillo,0,e,5,"::2161",2161,0,,OK,,1,1
S051,"2026-09-19T10:30:42-0500",SLV-002,"00:21:13:05:19:3B",V3.6 2026-09-19 (3.6.1) DEF mascara 0000,P25,P25,576,IX,amarillo,0,e,6,"::2151",2151,0,,OK,,1,1
S051,"2026-09-19T10:30:44-0500",SLV-002,"00:21:13:05:19:3B",V3.6 2026-09-19 (3.6.1) DEF mascara 0000,P25,P25,576,IX,amarillo,0,e,7,"::2153",2153,0,,OK,,1,1
S051,"2026-09-19T10:30:45-0500",SLV-002,"00:21:13:05:19:3B",V3.6 2026-09-19 (3.6.1) DEF mascara 0000,P25,P25,576,IX,amarillo,0,e,8,"::2154",2154,0,,OK,,1,1
S051,"2026-09-19T10:30:47-0500",SLV-002,"00:21:13:05:19:3B",V3.6 2026-09-19 (3.6.1) DEF mascara 0000,P25,P25,576,IX,amarillo,0,e,9,"::2166",2166,0,,OK,,1,1
S052,"2026-09-19T10:30:59-0500",SLV-002,"00:21:13:05:19:3B",V3.6 2026-09-19 (3.6.1) DEF mascara 0000,P26,P26,583,IX,amarillo,0,e,1,"::2202",2202,0,,OK,,1,1
S052,"2026-09-19T10:31:01-0500",SLV-002,"00:21:13:05:19:3B",V3.6 2026-09-19 (3.6.1) DEF mascara 0000,P26,P26,583,IX,amarillo,0,e,2,"::2210",2210,0,,OK,,1,1
S052,"2026-09-19T10:31:03-0500",SLV-002,"00:21:13:05:19:3B",V3.6 2026-09-19 (3.6.1) DEF mascara 0000,P26,P26,583,IX,amarillo,0,e,3,"::2212",2212,0,,OK,,1,1
S052,"2026-09-19T10:31:04-0500",SLV-002,"00:21:13:05:19:3B",V3.6 2026-09-19 (3.6.1) DEF mascara 0000,P26,P26,583,IX,amarillo,0,e,4,"::2209",2209,0,,OK,,1,1
S052,"2026-09-19T10:31:06-0500",SLV-002,"00:21:13:05:19:3B",V3.6 2026-09-19 (3.6.1) DEF mascara 0000,P26,P26,583,IX,amarillo,0,e,5,"::2199",2199,0,,OK,,1,1
S052,"2026-09-19T10:31:07-0500",SLV-002,"00:21:13:05:19:3B",V3.6 2026-09-19 (3.6.1) DEF mascara 0000,P26,P26,583,IX,amarillo,0,e,6,"::2215",2215,0,,OK,,1,1
S052,"2026-09-19T10:31:09-0500",SLV-002,"00:21:13:05:19:3B",V3.6 2026-09-19 (3.6.1) DEF mascara 0000,P26,P26,583,IX,amarillo,0,e,7,"::2213",2213,0,,OK,,1,1
S052,"2026-09-19T10:31:11-0500",SLV-002,"00:21:13:05:19:3B",V3.6 2026-09-19 (3.6.1) DEF mascara 0000,P26,P26,583,IX,amarillo,0,e,8,"::2212",2212,0,,OK,,1,1
S052,"2026-09-19T10:31:12-0500",SLV-002,"00:21:13:05:19:3B",V3.6 2026-09-19 (3.6.1) DEF mascara 0000,P26,P26,583,IX,amarillo,0,e,9,"::2207",2207,0,,OK,,1,1
S053,"2026-09-19T10:31:24-0500",SLV-002,"00:21:13:05:19:3B",V3.6 2026-09-19 (3.6.1) DEF mascara 0000,P29,P29,442,IV,amarillo,0,e,1,"::1675",1675,0,,OK,,1,1
S053,"2026-09-19T10:31:25-0500",SLV-002,"00:21:13:05:19:3B",V3.6 2026-09-19 (3.6.1) DEF mascara 0000,P29,P29,442,IV,amarillo,0,e,2,"::1680",1680,0,,OK,,1,1
S053,"2026-09-19T10:31:27-0500",SLV-002,"00:21:13:05:19:3B",V3.6 2026-09-19 (3.6.1) DEF mascara 0000,P29,P29,442,IV,amarillo,0,e,3,"::1670",1670,0,,OK,,1,1
S053,"2026-09-19T10:31:29-0500",SLV-002,"00:21:13:05:19:3B",V3.6 2026-09-19 (3.6.1) DEF mascara 0000,P29,P29,442,IV,amarillo,0,e,4,"::1673",1673,0,,OK,,1,1
S053,"2026-09-19T10:31:30-0500",SLV-002,"00:21:13:05:19:3B",V3.6 2026-09-19 (3.6.1) DEF mascara 0000,P29,P29,442,IV,amarillo,0,e,5,"::1686",1686,0,,OK,,1,1
S053,"2026-09-19T10:31:32-0500",SLV-002,"00:21:13:05:19:3B",V3.6 2026-09-19 (3.6.1) DEF mascara 0000,P29,P29,442,IV,amarillo,0,e,6,"::1676",1676,0,,OK,,1,1
S053,"2026-09-19T10:31:34-0500",SLV-002,"00:21:13:05:19:3B",V3.6 2026-09-19 (3.6.1) DEF mascara 0000,P29,P29,442,IV,amarillo,0,e,7,"::1679",1679,0,,OK,,1,1
S053,"2026-09-19T10:31:35-0500",SLV-002,"00:21:13:05:19:3B",V3.6 2026-09-19 (3.6.1) DEF mascara 0000,P29,P29,442,IV,amarillo,0,e,8,"::1674",1674,0,,OK,,1,1
S053,"2026-09-19T10:31:37-0500",SLV-002,"00:21:13:05:19:3B",V3.6 2026-09-19 (3.6.1) DEF mascara 0000,P29,P29,442,IV,amarillo,0,e,9,"::1680",1680,0,,OK,,1,1
S054,"2026-09-19T10:31:48-0500",SLV-002,"00:21:13:05:19:3B",V3.6 2026-09-19 (3.6.1) DEF mascara 0000,P30,P30,448,IV,amarillo,0,e,1,"::1657",1657,0,,OK,,1,1
S054,"2026-09-19T10:31:49-0500",SLV-002,"00:21:13:05:19:3B",V3.6 2026-09-19 (3.6.1) DEF mascara 0000,P30,P30,448,IV,amarillo,0,e,2,"::1647",1647,0,,OK,,1,1
S054,"2026-09-19T10:31:51-0500",SLV-002,"00:21:13:05:19:3B",V3.6 2026-09-19 (3.6.1) DEF mascara 0000,P30,P30,448,IV,amarillo,0,e,3,"::1644",1644,0,,OK,,1,1
S054,"2026-09-19T10:31:53-0500",SLV-002,"00:21:13:05:19:3B",V3.6 2026-09-19 (3.6.1) DEF mascara 0000,P30,P30,448,IV,amarillo,0,e,4,"::1655",1655,0,,OK,,1,1
S054,"2026-09-19T10:31:54-0500",SLV-002,"00:21:13:05:19:3B",V3.6 2026-09-19 (3.6.1) DEF mascara 0000,P30,P30,448,IV,amarillo,0,e,5,"::1654",1654,0,,OK,,1,1
S054,"2026-09-19T10:31:56-0500",SLV-002,"00:21:13:05:19:3B",V3.6 2026-09-19 (3.6.1) DEF mascara 0000,P30,P30,448,IV,amarillo,0,e,6,"::1657",1657,0,,OK,,1,1
S054,"2026-09-19T10:31:57-0500",SLV-002,"00:21:13:05:19:3B",V3.6 2026-09-19 (3.6.1) DEF mascara 0000,P30,P30,448,IV,amarillo,0,e,7,"::1653",1653,0,,OK,,1,1
S054,"2026-09-19T10:31:59-0500",SLV-002,"00:21:13:05:19:3B",V3.6 2026-09-19 (3.6.1) DEF mascara 0000,P30,P30,448,IV,amarillo,0,e,8,"::1658",1658,0,,OK,,1,1
S054,"2026-09-19T10:32:01-0500",SLV-002,"00:21:13:05:19:3B",V3.6 2026-09-19 (3.6.1) DEF mascara 0000,P30,P30,448,IV,amarillo,0,e,9,"::1663",1663,0,,OK,,1,1
S055,"2026-09-19T10:32:11-0500",SLV-002,"00:21:13:05:19:3B",V3.6 2026-09-19 (3.6.1) DEF mascara 0000,P31,P31,573,IX,amarillo,0,e,1,"::2081",2081,0,,OK,,1,1
S055,"2026-09-19T10:32:13-0500",SLV-002,"00:21:13:05:19:3B",V3.6 2026-09-19 (3.6.1) DEF mascara 0000,P31,P31,573,IX,amarillo,0,e,2,"::2082",2082,0,,OK,,1,1
S055,"2026-09-19T10:32:14-0500",SLV-002,"00:21:13:05:19:3B",V3.6 2026-09-19 (3.6.1) DEF mascara 0000,P31,P31,573,IX,amarillo,0,e,3,"::2091",2091,0,,OK,,1,1
S055,"2026-09-19T10:32:16-0500",SLV-002,"00:21:13:05:19:3B",V3.6 2026-09-19 (3.6.1) DEF mascara 0000,P31,P31,573,IX,amarillo,0,e,4,"::2090",2090,0,,OK,,1,1
S055,"2026-09-19T10:32:17-0500",SLV-002,"00:21:13:05:19:3B",V3.6 2026-09-19 (3.6.1) DEF mascara 0000,P31,P31,573,IX,amarillo,0,e,5,"::2084",2084,0,,OK,,1,1
S055,"2026-09-19T10:32:19-0500",SLV-002,"00:21:13:05:19:3B",V3.6 2026-09-19 (3.6.1) DEF mascara 0000,P31,P31,573,IX,amarillo,0,e,6,"::2085",2085,0,,OK,,1,1
S055,"2026-09-19T10:32:21-0500",SLV-002,"00:21:13:05:19:3B",V3.6 2026-09-19 (3.6.1) DEF mascara 0000,P31,P31,573,IX,amarillo,0,e,7,"::2089",2089,0,,OK,,1,1
S055,"2026-09-19T10:32:22-0500",SLV-002,"00:21:13:05:19:3B",V3.6 2026-09-19 (3.6.1) DEF mascara 0000,P31,P31,573,IX,amarillo,0,e,8,"::2086",2086,0,,OK,,1,1
S055,"2026-09-19T10:32:24-0500",SLV-002,"00:21:13:05:19:3B",V3.6 2026-09-19 (3.6.1) DEF mascara 0000,P31,P31,573,IX,amarillo,0,e,9,"::2084",2084,0,,OK,,1,1
S056,"2026-09-19T10:32:42-0500",SLV-002,"00:21:13:05:19:3B",V3.6 2026-09-19 (3.6.1) DEF mascara 0000,P32b,P32b,68,I,naranja,0,e,1,"::797",797,0,,OK,,1,1
S056,"2026-09-19T10:32:43-0500",SLV-002,"00:21:13:05:19:3B",V3.6 2026-09-19 (3.6.1) DEF mascara 0000,P32b,P32b,68,I,naranja,0,e,2,"::812",812,0,,OK,,1,1
S056,"2026-09-19T10:32:45-0500",SLV-002,"00:21:13:05:19:3B",V3.6 2026-09-19 (3.6.1) DEF mascara 0000,P32b,P32b,68,I,naranja,0,e,3,"::812",812,0,,OK,,1,1
S056,"2026-09-19T10:32:46-0500",SLV-002,"00:21:13:05:19:3B",V3.6 2026-09-19 (3.6.1) DEF mascara 0000,P32b,P32b,68,I,naranja,0,e,4,"::801",801,0,,OK,,1,1
S056,"2026-09-19T10:32:48-0500",SLV-002,"00:21:13:05:19:3B",V3.6 2026-09-19 (3.6.1) DEF mascara 0000,P32b,P32b,68,I,naranja,0,e,5,"::801",801,0,,OK,,1,1
S056,"2026-09-19T10:32:50-0500",SLV-002,"00:21:13:05:19:3B",V3.6 2026-09-19 (3.6.1) DEF mascara 0000,P32b,P32b,68,I,naranja,0,e,6,"::801",801,0,,OK,,1,1
S056,"2026-09-19T10:32:51-0500",SLV-002,"00:21:13:05:19:3B",V3.6 2026-09-19 (3.6.1) DEF mascara 0000,P32b,P32b,68,I,naranja,0,e,7,"::810",810,0,,OK,,1,1
S056,"2026-09-19T10:32:53-0500",SLV-002,"00:21:13:05:19:3B",V3.6 2026-09-19 (3.6.1) DEF mascara 0000,P32b,P32b,68,I,naranja,0,e,8,"::798",798,0,,OK,,1,1
S056,"2026-09-19T10:32:54-0500",SLV-002,"00:21:13:05:19:3B",V3.6 2026-09-19 (3.6.1) DEF mascara 0000,P32b,P32b,68,I,naranja,0,e,9,"::793",793,0,,OK,,1,1
