# inicio_ms,1789845092408
# RTV V3.6 - diario de campana (evento,campos...). Solo se anade.
PASO,1,HECHO,,"2026-09-19T14:13:13-0500",calentamiento confirmado por el operador
BATERIA,"2026-09-19T14:13:18-0500",87,"Batería 11,29 V (n = 87)"
PASO,2,HECHO,,"2026-09-19T14:13:18-0500","Batería 11,29 V (n = 87)"
SERIE,S001,"2026-09-19T14:13:34-0500",SLV-002,"00:21:13:05:19:3B",V3.6 2026-09-19 (3.6.2) CAL mascara 0003,OSCURO,0,e
DISPARO,S001,1,"2026-09-19T14:13:34-0500","::560",560,1
DISPARO,S001,2,"2026-09-19T14:13:35-0500","::563",563,1
DISPARO,S001,3,"2026-09-19T14:13:37-0500","::567",567,1
DISPARO,S001,4,"2026-09-19T14:13:39-0500","::564",564,1
DISPARO,S001,5,"2026-09-19T14:13:48-0500","::570",570,2
DISPARO,S001,6,"2026-09-19T14:13:50-0500","::567",567,2
DISPARO,S001,7,"2026-09-19T14:13:51-0500","::565",565,2
DISPARO,S001,8,"2026-09-19T14:13:53-0500","::570",570,2
DISPARO,S001,9,"2026-09-19T14:14:05-0500","::569",569,3
DISPARO,S001,10,"2026-09-19T14:14:06-0500","::565",565,3
DISPARO,S001,11,"2026-09-19T14:14:08-0500","::559",559,3
DISPARO,S001,12,"2026-09-19T14:14:10-0500","::564",564,3
DISPARO,S001,13,"2026-09-19T14:14:15-0500","::572",572,4
DISPARO,S001,14,"2026-09-19T14:14:17-0500","::562",562,4
DISPARO,S001,15,"2026-09-19T14:14:18-0500","::566",566,4
DISPARO,S001,16,"2026-09-19T14:14:20-0500","::565",565,4
DISPARO,S001,17,"2026-09-19T14:14:27-0500","::567",567,5
DISPARO,S001,18,"2026-09-19T14:14:28-0500","::574",574,5
DISPARO,S001,19,"2026-09-19T14:14:30-0500","::564",564,5
DISPARO,S001,20,"2026-09-19T14:14:31-0500","::568",568,5
VEREDICTO,S001,OK,1,"banco paso 3, código e, uso CONTROL"
ELIGE,S001
PASO,3,HECHO,S001,"2026-09-19T14:14:31-0500",OK
SERIE,S002,"2026-09-19T14:14:56-0500",SLV-002,"00:21:13:05:19:3B",V3.6 2026-09-19 (3.6.2) CAL mascara 0003,P22,0,e
DISPARO,S002,1,"2026-09-19T14:14:56-0500","::1387",1387,1
DISPARO,S002,2,"2026-09-19T14:14:58-0500","::1404",1404,1
DISPARO,S002,3,"2026-09-19T14:14:59-0500","::1381",1381,1
DISPARO,S002,4,"2026-09-19T14:15:01-0500","::1395",1395,1
DISPARO,S002,5,"2026-09-19T14:15:11-0500","::1408",1408,2
DISPARO,S002,6,"2026-09-19T14:15:13-0500","::1407",1407,2
DISPARO,S002,7,"2026-09-19T14:15:14-0500","::1406",1406,2
DISPARO,S002,8,"2026-09-19T14:15:16-0500","::1408",1408,2
DISPARO,S002,9,"2026-09-19T14:15:21-0500","::1399",1399,3
DISPARO,S002,10,"2026-09-19T14:15:23-0500","::1410",1410,3
DISPARO,S002,11,"2026-09-19T14:15:24-0500","::1397",1397,3
DISPARO,S002,12,"2026-09-19T14:15:26-0500","::1404",1404,3
DISPARO,S002,13,"2026-09-19T14:15:34-0500","::1454",1454,4
DISPARO,S002,14,"2026-09-19T14:15:36-0500","::1460",1460,4
DISPARO,S002,15,"2026-09-19T14:15:37-0500","::1453",1453,4
DISPARO,S002,16,"2026-09-19T14:15:39-0500","::1455",1455,4
DISPARO,S002,17,"2026-09-19T14:15:47-0500","::1415",1415,5
DISPARO,S002,18,"2026-09-19T14:15:49-0500","::1421",1421,5
DISPARO,S002,19,"2026-09-19T14:15:50-0500","::1425",1425,5
DISPARO,S002,20,"2026-09-19T14:15:52-0500","::1419",1419,5
VEREDICTO,S002,A5,0,banco paso 4 (A5-INICIO)
PASO,4,HECHO,S002,"2026-09-19T14:15:52-0500",A5
SERIE,S003,"2026-09-19T14:16:14-0500",SLV-002,"00:21:13:05:19:3B",V3.6 2026-09-19 (3.6.2) CAL mascara 0003,P28,0,e
DISPARO,S003,1,"2026-09-19T14:16:14-0500","::2102",2102,1
DISPARO,S003,2,"2026-09-19T14:16:16-0500","::2112",2112,1
DISPARO,S003,3,"2026-09-19T14:16:17-0500","::2113",2113,1
DISPARO,S003,4,"2026-09-19T14:16:19-0500","::2106",2106,1
DISPARO,S003,5,"2026-09-19T14:16:28-0500","::2121",2121,2
DISPARO,S003,6,"2026-09-19T14:16:29-0500","::2131",2131,2
DISPARO,S003,7,"2026-09-19T14:16:31-0500","::2126",2126,2
DISPARO,S003,8,"2026-09-19T14:16:33-0500","::2132",2132,2
DISPARO,S003,9,"2026-09-19T14:16:41-0500","::2073",2073,3
DISPARO,S003,10,"2026-09-19T14:16:43-0500","::2088",2088,3
DISPARO,S003,11,"2026-09-19T14:16:45-0500","::2083",2083,3
DISPARO,S003,12,"2026-09-19T14:16:46-0500","::2090",2090,3
DISPARO,S003,13,"2026-09-19T14:16:54-0500","::2093",2093,4
DISPARO,S003,14,"2026-09-19T14:16:56-0500","::2100",2100,4
DISPARO,S003,15,"2026-09-19T14:16:58-0500","::2102",2102,4
DISPARO,S003,16,"2026-09-19T14:16:59-0500","::2101",2101,4
DISPARO,S003,17,"2026-09-19T14:17:09-0500","::2151",2151,5
DISPARO,S003,18,"2026-09-19T14:17:11-0500","::2153",2153,5
DISPARO,S003,19,"2026-09-19T14:17:12-0500","::2160",2160,5
DISPARO,S003,20,"2026-09-19T14:17:14-0500","::2167",2167,5
VEREDICTO,S003,A5,0,banco paso 5 (A5-INICIO)
PASO,5,HECHO,S003,"2026-09-19T14:17:14-0500",A5
SERIE,S004,"2026-09-19T14:17:53-0500",SLV-002,"00:21:13:05:19:3B",V3.6 2026-09-19 (3.6.2) CAL mascara 0003,P4,0,e
DISPARO,S004,1,"2026-09-19T14:17:53-0500","::3292",3292,1
DISPARO,S004,2,"2026-09-19T14:17:54-0500","::3288",3288,1
DISPARO,S004,3,"2026-09-19T14:17:56-0500","::3282",3282,1
DISPARO,S004,4,"2026-09-19T14:17:58-0500","::3296",3296,1
DISPARO,S004,5,"2026-09-19T14:18:03-0500","::3289",3289,2
DISPARO,S004,6,"2026-09-19T14:18:05-0500","::3301",3301,2
DISPARO,S004,7,"2026-09-19T14:18:06-0500","::3285",3285,2
DISPARO,S004,8,"2026-09-19T14:18:08-0500","::3295",3295,2
DISPARO,S004,9,"2026-09-19T14:18:17-0500","::3319",3319,3
DISPARO,S004,10,"2026-09-19T14:18:18-0500","::3309",3309,3
DISPARO,S004,11,"2026-09-19T14:18:20-0500","::3318",3318,3
DISPARO,S004,12,"2026-09-19T14:18:22-0500","::3323",3323,3
DISPARO,S004,13,"2026-09-19T14:18:30-0500","::3317",3317,4
DISPARO,S004,14,"2026-09-19T14:18:32-0500","::3317",3317,4
DISPARO,S004,15,"2026-09-19T14:18:33-0500","::3323",3323,4
DISPARO,S004,16,"2026-09-19T14:18:35-0500","::3332",3332,4
DISPARO,S004,17,"2026-09-19T14:18:42-0500","::3299",3299,5
DISPARO,S004,18,"2026-09-19T14:18:44-0500","::3304",3304,5
DISPARO,S004,19,"2026-09-19T14:18:46-0500","::3312",3312,5
DISPARO,S004,20,"2026-09-19T14:18:47-0500","::3294",3294,5
VEREDICTO,S004,A5,0,banco paso 6 (A5-INICIO)
PASO,6,HECHO,S004,"2026-09-19T14:18:47-0500",A5
SERIE,S005,"2026-09-19T14:19:44-0500",SLV-002,"00:21:13:05:19:3B",V3.6 2026-09-19 (3.6.2) CAL mascara 0003,P56,0,e
DISPARO,S005,1,"2026-09-19T14:19:44-0500","::1648",1648,1
DISPARO,S005,2,"2026-09-19T14:19:45-0500","::1652",1652,1
DISPARO,S005,3,"2026-09-19T14:19:47-0500","::1659",1659,1
DISPARO,S005,4,"2026-09-19T14:19:49-0500","::1660",1660,1
DISPARO,S005,5,"2026-09-19T14:19:58-0500","::1642",1642,2
DISPARO,S005,6,"2026-09-19T14:20:00-0500","::1652",1652,2
DISPARO,S005,7,"2026-09-19T14:20:01-0500","::1645",1645,2
DISPARO,S005,8,"2026-09-19T14:20:03-0500","::1656",1656,2
DISPARO,S005,9,"2026-09-19T14:20:21-0500","::1655",1655,3
DISPARO,S005,10,"2026-09-19T14:20:22-0500","::1660",1660,3
DISPARO,S005,11,"2026-09-19T14:20:24-0500","::1653",1653,3
DISPARO,S005,12,"2026-09-19T14:20:25-0500","::1658",1658,3
VEREDICTO,S005,OK,1,"banco paso 7, código 1, uso AJUSTE"
ELIGE,S005
PASO,7,HECHO,S005,"2026-09-19T14:20:25-0500",OK
SERIE,S006,"2026-09-19T14:20:52-0500",SLV-002,"00:21:13:05:19:3B",V3.6 2026-09-19 (3.6.2) CAL mascara 0003,P34,0,e
DISPARO,S006,1,"2026-09-19T14:20:55-0500","::1664",1664,1
DISPARO,S006,2,"2026-09-19T14:20:57-0500","::1661",1661,1
DISPARO,S006,3,"2026-09-19T14:20:58-0500","::1657",1657,1
DISPARO,S006,4,"2026-09-19T14:23:24-0500","::953",953,2
DISPARO,S006,5,"2026-09-19T14:23:26-0500","::952",952,2
DISPARO,S006,6,"2026-09-19T14:23:27-0500","::957",957,2
DISPARO,S006,7,"2026-09-19T14:23:34-0500","::952",952,3
DISPARO,S006,8,"2026-09-19T14:23:36-0500","::952",952,3
DISPARO,S006,9,"2026-09-19T14:23:37-0500","::953",953,3
VEREDICTO,S006,REPETIR,0,repetida
SERIE,S007,"2026-09-19T14:23:47-0500",SLV-002,"00:21:13:05:19:3B",V3.6 2026-09-19 (3.6.2) CAL mascara 0003,P34,0,e
DISPARO,S007,1,"2026-09-19T14:23:50-0500","::947",947,1
DISPARO,S007,2,"2026-09-19T14:23:52-0500","::948",948,1
DISPARO,S007,3,"2026-09-19T14:23:54-0500","::951",951,1
DISPARO,S007,4,"2026-09-19T14:24:02-0500","::971",971,2
DISPARO,S007,5,"2026-09-19T14:24:04-0500","::976",976,2
DISPARO,S007,6,"2026-09-19T14:24:06-0500","::981",981,2
DISPARO,S007,7,"2026-09-19T14:24:13-0500","::940",940,3
DISPARO,S007,8,"2026-09-19T14:24:14-0500","::941",941,3
DISPARO,S007,9,"2026-09-19T14:24:16-0500","::956",956,3
VEREDICTO,S007,OK,1,
SERIE,S008,"2026-09-19T14:25:54-0500",SLV-002,"00:21:13:05:19:3B",V3.6 2026-09-19 (3.6.2) CAL mascara 0003,P37,0,e
DISPARO,S008,1,"2026-09-19T14:25:57-0500","::976",976,1
DISPARO,S008,2,"2026-09-19T14:25:58-0500","::978",978,1
DISPARO,S008,3,"2026-09-19T14:26:00-0500","::991",991,1
DISPARO,S008,4,"2026-09-19T14:26:09-0500","::946",946,2
DISPARO,S008,5,"2026-09-19T14:26:10-0500","::955",955,2
DISPARO,S008,6,"2026-09-19T14:26:12-0500","::957",957,2
DISPARO,S008,7,"2026-09-19T14:26:21-0500","::976",976,3
DISPARO,S008,8,"2026-09-19T14:26:23-0500","::992",992,3
DISPARO,S008,9,"2026-09-19T14:26:25-0500","::972",972,3
VEREDICTO,S008,OK,1,
SERIE,S009,"2026-09-19T14:27:04-0500",SLV-002,"00:21:13:05:19:3B",V3.6 2026-09-19 (3.6.2) CAL mascara 0003,P38,0,e
DISPARO,S009,1,"2026-09-19T14:27:07-0500","::737",737,1
DISPARO,S009,2,"2026-09-19T14:27:08-0500","::744",744,1
DISPARO,S009,3,"2026-09-19T14:27:10-0500","::747",747,1
DISPARO,S009,4,"2026-09-19T14:27:17-0500","::745",745,2
DISPARO,S009,5,"2026-09-19T14:27:19-0500","::744",744,2
DISPARO,S009,6,"2026-09-19T14:27:21-0500","::744",744,2
DISPARO,S009,7,"2026-09-19T14:27:27-0500","::742",742,3
DISPARO,S009,8,"2026-09-19T14:27:29-0500","::738",738,3
DISPARO,S009,9,"2026-09-19T14:27:31-0500","::751",751,3
VEREDICTO,S009,OK,1,
SERIE,S010,"2026-09-19T14:27:52-0500",SLV-002,"00:21:13:05:19:3B",V3.6 2026-09-19 (3.6.2) CAL mascara 0003,P39,0,e
DISPARO,S010,1,"2026-09-19T14:27:54-0500","::722",722,1
DISPARO,S010,2,"2026-09-19T14:27:56-0500","::715",715,1
DISPARO,S010,3,"2026-09-19T14:27:58-0500","::709",709,1
DISPARO,S010,4,"2026-09-19T14:28:05-0500","::718",718,2
DISPARO,S010,5,"2026-09-19T14:28:06-0500","::715",715,2
DISPARO,S010,6,"2026-09-19T14:28:08-0500","::714",714,2
DISPARO,S010,7,"2026-09-19T14:28:15-0500","::721",721,3
DISPARO,S010,8,"2026-09-19T14:28:17-0500","::716",716,3
DISPARO,S010,9,"2026-09-19T14:28:18-0500","::721",721,3
VEREDICTO,S010,OK,1,
SERIE,S011,"2026-09-19T14:29:16-0500",SLV-002,"00:21:13:05:19:3B",V3.6 2026-09-19 (3.6.2) CAL mascara 0003,P43,0,e
DISPARO,S011,1,"2026-09-19T14:29:19-0500","::1136",1136,1
DISPARO,S011,2,"2026-09-19T14:29:20-0500","::1139",1139,1
DISPARO,S011,3,"2026-09-19T14:29:22-0500","::1155",1155,1
DISPARO,S011,4,"2026-09-19T14:29:29-0500","::1154",1154,2
DISPARO,S011,5,"2026-09-19T14:29:31-0500","::1146",1146,2
DISPARO,S011,6,"2026-09-19T14:29:32-0500","::1147",1147,2
DISPARO,S011,7,"2026-09-19T14:29:41-0500","::1143",1143,3
DISPARO,S011,8,"2026-09-19T14:29:43-0500","::1144",1144,3
DISPARO,S011,9,"2026-09-19T14:29:45-0500","::1141",1141,3
VEREDICTO,S011,OK,1,
SERIE,S012,"2026-09-19T14:30:06-0500",SLV-002,"00:21:13:05:19:3B",V3.6 2026-09-19 (3.6.2) CAL mascara 0003,P44,0,e
DISPARO,S012,1,"2026-09-19T14:30:09-0500","::888",888,1
DISPARO,S012,2,"2026-09-19T14:30:11-0500","::893",893,1
DISPARO,S012,3,"2026-09-19T14:30:12-0500","::902",902,1
DISPARO,S012,4,"2026-09-19T14:30:20-0500","::884",884,2
DISPARO,S012,5,"2026-09-19T14:30:21-0500","::879",879,2
DISPARO,S012,6,"2026-09-19T14:30:23-0500","::880",880,2
DISPARO,S012,7,"2026-09-19T14:30:30-0500","::906",906,3
DISPARO,S012,8,"2026-09-19T14:30:32-0500","::894",894,3
DISPARO,S012,9,"2026-09-19T14:30:33-0500","::889",889,3
VEREDICTO,S012,OK,1,
SERIE,S013,"2026-09-19T14:31:02-0500",SLV-002,"00:21:13:05:19:3B",V3.6 2026-09-19 (3.6.2) CAL mascara 0003,P49,0,e
DISPARO,S013,1,"2026-09-19T14:31:05-0500","::802",802,1
DISPARO,S013,2,"2026-09-19T14:31:06-0500","::815",815,1
DISPARO,S013,3,"2026-09-19T14:31:08-0500","::814",814,1
DISPARO,S013,4,"2026-09-19T14:31:15-0500","::807",807,2
DISPARO,S013,5,"2026-09-19T14:31:17-0500","::825",825,2
DISPARO,S013,6,"2026-09-19T14:31:19-0500","::810",810,2
DISPARO,S013,7,"2026-09-19T14:31:26-0500","::807",807,3
DISPARO,S013,8,"2026-09-19T14:31:28-0500","::816",816,3
DISPARO,S013,9,"2026-09-19T14:31:30-0500","::812",812,3
VEREDICTO,S013,OK,1,
SERIE,S014,"2026-09-19T14:31:58-0500",SLV-002,"00:21:13:05:19:3B",V3.6 2026-09-19 (3.6.2) CAL mascara 0003,P32a,0,e
DISPARO,S014,1,"2026-09-19T14:32:01-0500","::633",633,1
DISPARO,S014,2,"2026-09-19T14:32:03-0500","::638",638,1
DISPARO,S014,3,"2026-09-19T14:32:04-0500","::645",645,1
DISPARO,S014,4,"2026-09-19T14:32:13-0500","::647",647,2
DISPARO,S014,5,"2026-09-19T14:32:15-0500","::643",643,2
DISPARO,S014,6,"2026-09-19T14:32:16-0500","::637",637,2
DISPARO,S014,7,"2026-09-19T14:32:24-0500","::644",644,3
DISPARO,S014,8,"2026-09-19T14:32:26-0500","::631",631,3
DISPARO,S014,9,"2026-09-19T14:32:27-0500","::647",647,3
VEREDICTO,S014,OK,1,
SERIE,S015,"2026-09-19T14:32:50-0500",SLV-002,"00:21:13:05:19:3B",V3.6 2026-09-19 (3.6.2) CAL mascara 0003,P32b,0,e
DISPARO,S015,1,"2026-09-19T14:32:53-0500","::793",793,1
DISPARO,S015,2,"2026-09-19T14:32:55-0500","::801",801,1
DISPARO,S015,3,"2026-09-19T14:32:56-0500","::805",805,1
DISPARO,S015,4,"2026-09-19T14:33:04-0500","::791",791,2
DISPARO,S015,5,"2026-09-19T14:33:06-0500","::801",801,2
DISPARO,S015,6,"2026-09-19T14:33:08-0500","::794",794,2
DISPARO,S015,7,"2026-09-19T14:33:14-0500","::796",796,3
DISPARO,S015,8,"2026-09-19T14:33:16-0500","::807",807,3
DISPARO,S015,9,"2026-09-19T14:33:18-0500","::801",801,3
VEREDICTO,S015,OK,1,
SERIE,S016,"2026-09-19T14:34:14-0500",SLV-002,"00:21:13:05:19:3B",V3.6 2026-09-19 (3.6.2) CAL mascara 0003,P33,0,e
DISPARO,S016,1,"2026-09-19T14:34:17-0500","::846",846,1
DISPARO,S016,2,"2026-09-19T14:34:19-0500","::837",837,1
DISPARO,S016,3,"2026-09-19T14:34:21-0500","::853",853,1
DISPARO,S016,4,"2026-09-19T14:34:26-0500","::841",841,2
DISPARO,S016,5,"2026-09-19T14:34:28-0500","::848",848,2
DISPARO,S016,6,"2026-09-19T14:34:29-0500","::833",833,2
DISPARO,S016,7,"2026-09-19T14:34:35-0500","::842",842,3
DISPARO,S016,8,"2026-09-19T14:34:37-0500","::845",845,3
DISPARO,S016,9,"2026-09-19T14:34:38-0500","::843",843,3
VEREDICTO,S016,OK,1,
SERIE,S017,"2026-09-19T14:35:50-0500",SLV-002,"00:21:13:05:19:3B",V3.6 2026-09-19 (3.6.2) CAL mascara 0003,P35,0,e
DISPARO,S017,1,"2026-09-19T14:35:53-0500","::1102",1102,1
DISPARO,S017,2,"2026-09-19T14:35:54-0500","::1090",1090,1
DISPARO,S017,3,"2026-09-19T14:35:56-0500","::1090",1090,1
DISPARO,S017,4,"2026-09-19T14:36:04-0500","::1091",1091,2
DISPARO,S017,5,"2026-09-19T14:36:05-0500","::1089",1089,2
DISPARO,S017,6,"2026-09-19T14:36:07-0500","::1096",1096,2
DISPARO,S017,7,"2026-09-19T14:36:14-0500","::1100",1100,3
DISPARO,S017,8,"2026-09-19T14:36:15-0500","::1091",1091,3
DISPARO,S017,9,"2026-09-19T14:36:17-0500","::1087",1087,3
VEREDICTO,S017,OK,1,
SERIE,S018,"2026-09-19T14:36:33-0500",SLV-002,"00:21:13:05:19:3B",V3.6 2026-09-19 (3.6.2) CAL mascara 0003,P36,0,e
DISPARO,S018,1,"2026-09-19T14:36:36-0500","::645",645,1
DISPARO,S018,2,"2026-09-19T14:36:38-0500","::642",642,1
DISPARO,S018,3,"2026-09-19T14:36:39-0500","::630",630,1
DISPARO,S018,4,"2026-09-19T14:36:46-0500","::637",637,2
DISPARO,S018,5,"2026-09-19T14:36:47-0500","::629",629,2
DISPARO,S018,6,"2026-09-19T14:36:49-0500","::641",641,2
DISPARO,S018,7,"2026-09-19T14:36:55-0500","::629",629,3
DISPARO,S018,8,"2026-09-19T14:36:57-0500","::636",636,3
DISPARO,S018,9,"2026-09-19T14:36:58-0500","::641",641,3
VEREDICTO,S018,DUDOSO,0,repetida
SERIE,S019,"2026-09-19T14:37:07-0500",SLV-002,"00:21:13:05:19:3B",V3.6 2026-09-19 (3.6.2) CAL mascara 0003,P36,0,e
DISPARO,S019,1,"2026-09-19T14:37:10-0500","::634",634,1
DISPARO,S019,2,"2026-09-19T14:37:11-0500","::641",641,1
DISPARO,S019,3,"2026-09-19T14:37:13-0500","::639",639,1
DISPARO,S019,4,"2026-09-19T14:37:21-0500","::633",633,2
DISPARO,S019,5,"2026-09-19T14:37:22-0500","::625",625,2
DISPARO,S019,6,"2026-09-19T14:37:24-0500","::641",641,2
DISPARO,S019,7,"2026-09-19T14:37:31-0500","::636",636,3
DISPARO,S019,8,"2026-09-19T14:37:33-0500","::642",642,3
DISPARO,S019,9,"2026-09-19T14:37:34-0500","::641",641,3
VEREDICTO,S019,DUDOSO,0,repetida
SERIE,S020,"2026-09-19T14:37:41-0500",SLV-002,"00:21:13:05:19:3B",V3.6 2026-09-19 (3.6.2) CAL mascara 0003,P36,0,e
DISPARO,S020,1,"2026-09-19T14:37:44-0500","::635",635,1
DISPARO,S020,2,"2026-09-19T14:37:46-0500","::633",633,1
DISPARO,S020,3,"2026-09-19T14:37:47-0500","::634",634,1
DISPARO,S020,4,"2026-09-19T14:37:52-0500","::649",649,2
DISPARO,S020,5,"2026-09-19T14:37:54-0500","::646",646,2
DISPARO,S020,6,"2026-09-19T14:37:56-0500","::633",633,2
DISPARO,S020,7,"2026-09-19T14:38:04-0500","::619",619,3
DISPARO,S020,8,"2026-09-19T14:38:06-0500","::632",632,3
DISPARO,S020,9,"2026-09-19T14:38:08-0500","::627",627,3
VEREDICTO,S020,DUDOSO,0,repetida
SERIE,S021,"2026-09-19T14:38:27-0500",SLV-002,"00:21:13:05:19:3B",V3.6 2026-09-19 (3.6.2) CAL mascara 0003,P36,0,e
DISPARO,S021,1,"2026-09-19T14:38:30-0500","::638",638,1
DISPARO,S021,2,"2026-09-19T14:38:32-0500","::642",642,1
DISPARO,S021,3,"2026-09-19T14:38:33-0500","::641",641,1
DISPARO,S021,4,"2026-09-19T14:38:38-0500","::636",636,2
DISPARO,S021,5,"2026-09-19T14:38:39-0500","::637",637,2
DISPARO,S021,6,"2026-09-19T14:38:41-0500","::644",644,2
DISPARO,S021,7,"2026-09-19T14:38:45-0500","::642",642,3
DISPARO,S021,8,"2026-09-19T14:38:47-0500","::639",639,3
DISPARO,S021,9,"2026-09-19T14:38:49-0500","::646",646,3
VEREDICTO,S021,DUDOSO,1,Ok
SERIE,S022,"2026-09-19T14:39:31-0500",SLV-002,"00:21:13:05:19:3B",V3.6 2026-09-19 (3.6.2) CAL mascara 0003,P40,0,e
DISPARO,S022,1,"2026-09-19T14:39:34-0500","::630",630,1
DISPARO,S022,2,"2026-09-19T14:39:35-0500","::639",639,1
DISPARO,S022,3,"2026-09-19T14:39:37-0500","::641",641,1
DISPARO,S022,4,"2026-09-19T14:39:43-0500","::631",631,2
DISPARO,S022,5,"2026-09-19T14:39:45-0500","::631",631,2
DISPARO,S022,6,"2026-09-19T14:39:46-0500","::632",632,2
DISPARO,S022,7,"2026-09-19T14:39:52-0500","::634",634,3
DISPARO,S022,8,"2026-09-19T14:39:54-0500","::636",636,3
DISPARO,S022,9,"2026-09-19T14:39:56-0500","::619",619,3
VEREDICTO,S022,OK,1,
SERIE,S023,"2026-09-19T14:40:10-0500",SLV-002,"00:21:13:05:19:3B",V3.6 2026-09-19 (3.6.2) CAL mascara 0003,P41,0,e
DISPARO,S023,1,"2026-09-19T14:40:12-0500","::911",911,1
DISPARO,S023,2,"2026-09-19T14:40:14-0500","::896",896,1
DISPARO,S023,3,"2026-09-19T14:40:16-0500","::906",906,1
DISPARO,S023,4,"2026-09-19T14:40:25-0500","::908",908,2
DISPARO,S023,5,"2026-09-19T14:40:26-0500","::904",904,2
DISPARO,S023,6,"2026-09-19T14:40:28-0500","::907",907,2
DISPARO,S023,7,"2026-09-19T14:40:34-0500","::914",914,3
DISPARO,S023,8,"2026-09-19T14:40:36-0500","::910",910,3
DISPARO,S023,9,"2026-09-19T14:40:37-0500","::911",911,3
VEREDICTO,S023,OK,1,
SERIE,S024,"2026-09-19T14:41:33-0500",SLV-002,"00:21:13:05:19:3B",V3.6 2026-09-19 (3.6.2) CAL mascara 0003,P42,0,e
DISPARO,S024,1,"2026-09-19T14:41:36-0500","::614",614,1
DISPARO,S024,2,"2026-09-19T14:41:38-0500","::601",601,1
DISPARO,S024,3,"2026-09-19T14:41:39-0500","::621",621,1
DISPARO,S024,4,"2026-09-19T14:41:44-0500","::610",610,2
DISPARO,S024,5,"2026-09-19T14:41:46-0500","::610",610,2
DISPARO,S024,6,"2026-09-19T14:41:47-0500","::619",619,2
DISPARO,S024,7,"2026-09-19T14:41:52-0500","::621",621,3
DISPARO,S024,8,"2026-09-19T14:41:53-0500","::609",609,3
DISPARO,S024,9,"2026-09-19T14:41:55-0500","::624",624,3
VEREDICTO,S024,OK,1,
SERIE,S025,"2026-09-19T14:42:46-0500",SLV-002,"00:21:13:05:19:3B",V3.6 2026-09-19 (3.6.2) CAL mascara 0003,P45,0,e
DISPARO,S025,1,"2026-09-19T14:42:49-0500","::624",624,1
DISPARO,S025,2,"2026-09-19T14:42:50-0500","::628",628,1
DISPARO,S025,3,"2026-09-19T14:42:52-0500","::613",613,1
DISPARO,S025,4,"2026-09-19T14:42:57-0500","::622",622,2
DISPARO,S025,5,"2026-09-19T14:42:58-0500","::617",617,2
DISPARO,S025,6,"2026-09-19T14:43:00-0500","::614",614,2
DISPARO,S025,7,"2026-09-19T14:43:05-0500","::618",618,3
DISPARO,S025,8,"2026-09-19T14:43:07-0500","::624",624,3
DISPARO,S025,9,"2026-09-19T14:43:08-0500","::614",614,3
VEREDICTO,S025,OK,1,
SERIE,S026,"2026-09-19T14:43:44-0500",SLV-002,"00:21:13:05:19:3B",V3.6 2026-09-19 (3.6.2) CAL mascara 0003,P46,0,e
DISPARO,S026,1,"2026-09-19T14:43:47-0500","::640",640,1
DISPARO,S026,2,"2026-09-19T14:43:48-0500","::648",648,1
DISPARO,S026,3,"2026-09-19T14:43:50-0500","::645",645,1
DISPARO,S026,4,"2026-09-19T14:43:55-0500","::651",651,2
DISPARO,S026,5,"2026-09-19T14:43:57-0500","::644",644,2
DISPARO,S026,6,"2026-09-19T14:43:59-0500","::647",647,2
DISPARO,S026,7,"2026-09-19T14:44:03-0500","::646",646,3
DISPARO,S026,8,"2026-09-19T14:44:05-0500","::646",646,3
DISPARO,S026,9,"2026-09-19T14:44:06-0500","::651",651,3
VEREDICTO,S026,DUDOSO,1,Ok
SERIE,S027,"2026-09-19T14:44:37-0500",SLV-002,"00:21:13:05:19:3B",V3.6 2026-09-19 (3.6.2) CAL mascara 0003,P47,0,e
DISPARO,S027,1,"2026-09-19T14:44:39-0500","::624",624,1
DISPARO,S027,2,"2026-09-19T14:44:41-0500","::619",619,1
DISPARO,S027,3,"2026-09-19T14:44:43-0500","::619",619,1
DISPARO,S027,4,"2026-09-19T14:44:47-0500","::614",614,2
DISPARO,S027,5,"2026-09-19T14:44:49-0500","::614",614,2
DISPARO,S027,6,"2026-09-19T14:44:51-0500","::621",621,2
DISPARO,S027,7,"2026-09-19T14:44:55-0500","::598",598,3
DISPARO,S027,8,"2026-09-19T14:44:57-0500","::612",612,3
DISPARO,S027,9,"2026-09-19T14:44:58-0500","::611",611,3
VEREDICTO,S027,DUDOSO,1,Ok
SERIE,S028,"2026-09-19T14:45:16-0500",SLV-002,"00:21:13:05:19:3B",V3.6 2026-09-19 (3.6.2) CAL mascara 0003,OSCURO,0,e
DISPARO,S028,1,"2026-09-19T14:45:19-0500","::568",568,1
DISPARO,S028,2,"2026-09-19T14:45:21-0500","::566",566,1
DISPARO,S028,3,"2026-09-19T14:45:22-0500","::561",561,1
DISPARO,S028,4,"2026-09-19T14:45:24-0500","::572",572,1
DISPARO,S028,5,"2026-09-19T14:45:26-0500","::567",567,1
DISPARO,S028,6,"2026-09-19T14:45:27-0500","::580",580,1
DISPARO,S028,7,"2026-09-19T14:45:29-0500","::571",571,1
DISPARO,S028,8,"2026-09-19T14:45:30-0500","::572",572,1
DISPARO,S028,9,"2026-09-19T14:45:32-0500","::562",562,1
DISPARO,S028,10,"2026-09-19T14:45:38-0500","::574",574,2
DISPARO,S028,11,"2026-09-19T14:45:39-0500","::578",578,2
DISPARO,S028,12,"2026-09-19T14:45:41-0500","::571",571,2
DISPARO,S028,13,"2026-09-19T14:45:42-0500","::565",565,2
DISPARO,S028,14,"2026-09-19T14:45:44-0500","::575",575,2
DISPARO,S028,15,"2026-09-19T14:45:46-0500","::567",567,2
DISPARO,S028,16,"2026-09-19T14:45:47-0500","::571",571,2
DISPARO,S028,17,"2026-09-19T14:45:49-0500","::566",566,2
DISPARO,S028,18,"2026-09-19T14:45:50-0500","::568",568,2
DISPARO,S028,19,"2026-09-19T14:45:58-0500","::565",565,3
DISPARO,S028,20,"2026-09-19T14:46:00-0500","::570",570,3
DISPARO,S028,21,"2026-09-19T14:46:01-0500","::566",566,3
DISPARO,S028,22,"2026-09-19T14:46:03-0500","::575",575,3
DISPARO,S028,23,"2026-09-19T14:46:05-0500","::568",568,3
DISPARO,S028,24,"2026-09-19T14:46:06-0500","::569",569,3
DISPARO,S028,25,"2026-09-19T14:46:08-0500","::575",575,3
DISPARO,S028,26,"2026-09-19T14:46:09-0500","::578",578,3
DISPARO,S028,27,"2026-09-19T14:46:11-0500","::573",573,3
DISPARO,S028,28,"2026-09-19T14:46:21-0500","::574",574,4
DISPARO,S028,29,"2026-09-19T14:46:23-0500","::577",577,4
DISPARO,S028,30,"2026-09-19T14:46:24-0500","::565",565,4
DISPARO,S028,31,"2026-09-19T14:46:26-0500","::563",563,4
DISPARO,S028,32,"2026-09-19T14:46:28-0500","::563",563,4
DISPARO,S028,33,"2026-09-19T14:46:29-0500","::564",564,4
DISPARO,S028,34,"2026-09-19T14:46:31-0500","::564",564,4
DISPARO,S028,35,"2026-09-19T14:46:33-0500","::564",564,4
DISPARO,S028,36,"2026-09-19T14:46:34-0500","::573",573,4
DISPARO,S028,37,"2026-09-19T14:46:46-0500","::563",563,5
DISPARO,S028,38,"2026-09-19T14:46:48-0500","::564",564,5
DISPARO,S028,39,"2026-09-19T14:46:49-0500","::578",578,5
DISPARO,S028,40,"2026-09-19T14:46:51-0500","::568",568,5
DISPARO,S028,41,"2026-09-19T14:46:53-0500","::567",567,5
DISPARO,S028,42,"2026-09-19T14:46:54-0500","::573",573,5
DISPARO,S028,43,"2026-09-19T14:46:56-0500","::567",567,5
DISPARO,S028,44,"2026-09-19T14:46:57-0500","::571",571,5
DISPARO,S028,45,"2026-09-19T14:46:59-0500","::576",576,5
VEREDICTO,S028,OK,1,
SERIE,S029,"2026-09-19T14:47:33-0500",SLV-002,"00:21:13:05:19:3B",V3.6 2026-09-19 (3.6.2) CAL mascara 0003,P48,0,e
DISPARO,S029,1,"2026-09-19T14:47:36-0500","::612",612,1
DISPARO,S029,2,"2026-09-19T14:47:38-0500","::617",617,1
DISPARO,S029,3,"2026-09-19T14:47:39-0500","::618",618,1
DISPARO,S029,4,"2026-09-19T14:47:41-0500","::620",620,1
DISPARO,S029,5,"2026-09-19T14:47:43-0500","::624",624,1
DISPARO,S029,6,"2026-09-19T14:47:44-0500","::621",621,1
DISPARO,S029,7,"2026-09-19T14:47:46-0500","::617",617,1
DISPARO,S029,8,"2026-09-19T14:47:47-0500","::623",623,1
DISPARO,S029,9,"2026-09-19T14:47:49-0500","::616",616,1
DISPARO,S029,10,"2026-09-19T14:47:54-0500","::617",617,2
DISPARO,S029,11,"2026-09-19T14:47:56-0500","::616",616,2
DISPARO,S029,12,"2026-09-19T14:47:58-0500","::618",618,2
DISPARO,S029,13,"2026-09-19T14:47:59-0500","::622",622,2
DISPARO,S029,14,"2026-09-19T14:48:01-0500","::622",622,2
DISPARO,S029,15,"2026-09-19T14:48:02-0500","::620",620,2
DISPARO,S029,16,"2026-09-19T14:48:04-0500","::620",620,2
DISPARO,S029,17,"2026-09-19T14:48:06-0500","::618",618,2
DISPARO,S029,18,"2026-09-19T14:48:07-0500","::613",613,2
DISPARO,S029,19,"2026-09-19T14:48:12-0500","::608",608,3
DISPARO,S029,20,"2026-09-19T14:48:13-0500","::614",614,3
DISPARO,S029,21,"2026-09-19T14:48:15-0500","::631",631,3
DISPARO,S029,22,"2026-09-19T14:48:17-0500","::618",618,3
DISPARO,S029,23,"2026-09-19T14:48:18-0500","::624",624,3
DISPARO,S029,24,"2026-09-19T14:48:20-0500","::610",610,3
DISPARO,S029,25,"2026-09-19T14:48:22-0500","::619",619,3
DISPARO,S029,26,"2026-09-19T14:48:23-0500","::621",621,3
DISPARO,S029,27,"2026-09-19T14:48:25-0500","::629",629,3
DISPARO,S029,28,"2026-09-19T14:48:30-0500","::623",623,4
DISPARO,S029,29,"2026-09-19T14:48:32-0500","::616",616,4
DISPARO,S029,30,"2026-09-19T14:48:33-0500","::614",614,4
DISPARO,S029,31,"2026-09-19T14:48:35-0500","::613",613,4
DISPARO,S029,32,"2026-09-19T14:48:37-0500","::613",613,4
DISPARO,S029,33,"2026-09-19T14:48:38-0500","::616",616,4
DISPARO,S029,34,"2026-09-19T14:48:40-0500","::622",622,4
DISPARO,S029,35,"2026-09-19T14:48:41-0500","::625",625,4
DISPARO,S029,36,"2026-09-19T14:48:43-0500","::622",622,4
DISPARO,S029,37,"2026-09-19T14:48:48-0500","::618",618,5
DISPARO,S029,38,"2026-09-19T14:48:50-0500","::624",624,5
DISPARO,S029,39,"2026-09-19T14:48:51-0500","::615",615,5
DISPARO,S029,40,"2026-09-19T14:48:53-0500","::612",612,5
DISPARO,S029,41,"2026-09-19T14:48:55-0500","::613",613,5
DISPARO,S029,42,"2026-09-19T14:48:56-0500","::618",618,5
DISPARO,S029,43,"2026-09-19T14:48:58-0500","::623",623,5
DISPARO,S029,44,"2026-09-19T14:48:59-0500","::619",619,5
DISPARO,S029,45,"2026-09-19T14:49:01-0500","::617",617,5
VEREDICTO,S029,DUDOSO,1,Ok
SERIE,S030,"2026-09-19T14:49:31-0500",SLV-002,"00:21:13:05:19:3B",V3.6 2026-09-19 (3.6.2) CAL mascara 0003,P50,0,e
DISPARO,S030,1,"2026-09-19T14:49:34-0500","::894",894,1
DISPARO,S030,2,"2026-09-19T14:49:36-0500","::890",890,1
DISPARO,S030,3,"2026-09-19T14:49:37-0500","::903",903,1
DISPARO,S030,4,"2026-09-19T14:49:39-0500","::903",903,1
DISPARO,S030,5,"2026-09-19T14:49:41-0500","::891",891,1
DISPARO,S030,6,"2026-09-19T14:49:42-0500","::896",896,1
DISPARO,S030,7,"2026-09-19T14:49:44-0500","::897",897,1
DISPARO,S030,8,"2026-09-19T14:49:45-0500","::895",895,1
DISPARO,S030,9,"2026-09-19T14:49:47-0500","::898",898,1
DISPARO,S030,10,"2026-09-19T14:49:52-0500","::902",902,2
DISPARO,S030,11,"2026-09-19T14:49:54-0500","::899",899,2
DISPARO,S030,12,"2026-09-19T14:49:55-0500","::895",895,2
DISPARO,S030,13,"2026-09-19T14:49:57-0500","::894",894,2
DISPARO,S030,14,"2026-09-19T14:49:59-0500","::902",902,2
DISPARO,S030,15,"2026-09-19T14:50:00-0500","::907",907,2
DISPARO,S030,16,"2026-09-19T14:50:02-0500","::896",896,2
DISPARO,S030,17,"2026-09-19T14:50:03-0500","::903",903,2
DISPARO,S030,18,"2026-09-19T14:50:05-0500","::905",905,2
DISPARO,S030,19,"2026-09-19T14:50:11-0500","::899",899,3
DISPARO,S030,20,"2026-09-19T14:50:13-0500","::903",903,3
DISPARO,S030,21,"2026-09-19T14:50:14-0500","::906",906,3
DISPARO,S030,22,"2026-09-19T14:50:16-0500","::889",889,3
DISPARO,S030,23,"2026-09-19T14:50:17-0500","::907",907,3
DISPARO,S030,24,"2026-09-19T14:50:19-0500","::902",902,3
DISPARO,S030,25,"2026-09-19T14:50:21-0500","::899",899,3
DISPARO,S030,26,"2026-09-19T14:50:22-0500","::907",907,3
DISPARO,S030,27,"2026-09-19T14:50:24-0500","::894",894,3
DISPARO,S030,28,"2026-09-19T14:50:30-0500","::897",897,4
DISPARO,S030,29,"2026-09-19T14:50:32-0500","::899",899,4
DISPARO,S030,30,"2026-09-19T14:50:33-0500","::894",894,4
DISPARO,S030,31,"2026-09-19T14:50:35-0500","::907",907,4
DISPARO,S030,32,"2026-09-19T14:50:36-0500","::906",906,4
DISPARO,S030,33,"2026-09-19T14:50:38-0500","::897",897,4
DISPARO,S030,34,"2026-09-19T14:50:40-0500","::897",897,4
DISPARO,S030,35,"2026-09-19T14:50:41-0500","::898",898,4
DISPARO,S030,36,"2026-09-19T14:50:43-0500","::902",902,4
DISPARO,S030,37,"2026-09-19T14:50:55-0500","::893",893,5
DISPARO,S030,38,"2026-09-19T14:50:57-0500","::910",910,5
DISPARO,S030,39,"2026-09-19T14:50:59-0500","::899",899,5
DISPARO,S030,40,"2026-09-19T14:51:00-0500","::902",902,5
DISPARO,S030,41,"2026-09-19T14:51:02-0500","::901",901,5
DISPARO,S030,42,"2026-09-19T14:51:03-0500","::899",899,5
DISPARO,S030,43,"2026-09-19T14:51:05-0500","::895",895,5
DISPARO,S030,44,"2026-09-19T14:51:07-0500","::900",900,5
DISPARO,S030,45,"2026-09-19T14:51:08-0500","::907",907,5
VEREDICTO,S030,DUDOSO,0,repetida
SERIE,S031,"2026-09-19T14:51:18-0500",SLV-002,"00:21:13:05:19:3B",V3.6 2026-09-19 (3.6.2) CAL mascara 0003,P50,0,e
DISPARO,S031,1,"2026-09-19T14:51:21-0500","::908",908,1
DISPARO,S031,2,"2026-09-19T14:51:22-0500","::897",897,1
DISPARO,S031,3,"2026-09-19T14:51:24-0500","::907",907,1
DISPARO,S031,4,"2026-09-19T14:51:26-0500","::902",902,1
DISPARO,S031,5,"2026-09-19T14:51:27-0500","::904",904,1
DISPARO,S031,6,"2026-09-19T14:51:29-0500","::902",902,1
DISPARO,S031,7,"2026-09-19T14:51:30-0500","::899",899,1
DISPARO,S031,8,"2026-09-19T14:51:32-0500","::901",901,1
DISPARO,S031,9,"2026-09-19T14:51:34-0500","::911",911,1
DISPARO,S031,10,"2026-09-19T14:51:39-0500","::908",908,2
DISPARO,S031,11,"2026-09-19T14:51:40-0500","::921",921,2
DISPARO,S031,12,"2026-09-19T14:51:42-0500","::917",917,2
DISPARO,S031,13,"2026-09-19T14:51:44-0500","::900",900,2
DISPARO,S031,14,"2026-09-19T14:51:45-0500","::924",924,2
DISPARO,S031,15,"2026-09-19T14:51:47-0500","::915",915,2
DISPARO,S031,16,"2026-09-19T14:51:48-0500","::908",908,2
DISPARO,S031,17,"2026-09-19T14:51:50-0500","::903",903,2
DISPARO,S031,18,"2026-09-19T14:51:52-0500","::922",922,2
DISPARO,S031,19,"2026-09-19T14:51:57-0500","::900",900,3
DISPARO,S031,20,"2026-09-19T14:51:58-0500","::909",909,3
DISPARO,S031,21,"2026-09-19T14:52:00-0500","::912",912,3
DISPARO,S031,22,"2026-09-19T14:52:02-0500","::912",912,3
DISPARO,S031,23,"2026-09-19T14:52:03-0500","::905",905,3
DISPARO,S031,24,"2026-09-19T14:52:05-0500","::906",906,3
DISPARO,S031,25,"2026-09-19T14:52:06-0500","::898",898,3
DISPARO,S031,26,"2026-09-19T14:52:08-0500","::911",911,3
DISPARO,S031,27,"2026-09-19T14:52:10-0500","::917",917,3
DISPARO,S031,28,"2026-09-19T14:52:38-0500","::901",901,4
DISPARO,S031,29,"2026-09-19T14:52:40-0500","::895",895,4
DISPARO,S031,30,"2026-09-19T14:52:42-0500","::912",912,4
DISPARO,S031,31,"2026-09-19T14:52:43-0500","::904",904,4
DISPARO,S031,32,"2026-09-19T14:52:45-0500","::909",909,4
DISPARO,S031,33,"2026-09-19T14:52:46-0500","::898",898,4
DISPARO,S031,34,"2026-09-19T14:52:48-0500","::908",908,4
DISPARO,S031,35,"2026-09-19T14:52:50-0500","::899",899,4
DISPARO,S031,36,"2026-09-19T14:52:51-0500","::906",906,4
DISPARO,S031,37,"2026-09-19T14:52:58-0500","::896",896,5
DISPARO,S031,38,"2026-09-19T14:53:00-0500","::900",900,5
DISPARO,S031,39,"2026-09-19T14:53:01-0500","::897",897,5
DISPARO,S031,40,"2026-09-19T14:53:03-0500","::910",910,5
DISPARO,S031,41,"2026-09-19T14:53:04-0500","::906",906,5
DISPARO,S031,42,"2026-09-19T14:53:06-0500","::893",893,5
DISPARO,S031,43,"2026-09-19T14:53:08-0500","::901",901,5
DISPARO,S031,44,"2026-09-19T14:53:09-0500","::908",908,5
DISPARO,S031,45,"2026-09-19T14:53:11-0500","::894",894,5
VEREDICTO,S031,DUDOSO,1,"Es papel de mala calidad, ok"
SERIE,S032,"2026-09-19T14:54:01-0500",SLV-002,"00:21:13:05:19:3B",V3.6 2026-09-19 (3.6.2) CAL mascara 0003,P5,0,e
DISPARO,S032,1,"2026-09-19T14:54:04-0500","::2380",2380,1
DISPARO,S032,2,"2026-09-19T14:54:06-0500","::2395",2395,1
DISPARO,S032,3,"2026-09-19T14:54:07-0500","::2403",2403,1
DISPARO,S032,4,"2026-09-19T14:54:09-0500","::2397",2397,1
DISPARO,S032,5,"2026-09-19T14:54:10-0500","::2397",2397,1
DISPARO,S032,6,"2026-09-19T14:54:12-0500","::2411",2411,1
DISPARO,S032,7,"2026-09-19T14:54:14-0500","::2406",2406,1
DISPARO,S032,8,"2026-09-19T14:54:15-0500","::2402",2402,1
DISPARO,S032,9,"2026-09-19T14:54:17-0500","::2401",2401,1
DISPARO,S032,10,"2026-09-19T14:54:22-0500","::2395",2395,2
DISPARO,S032,11,"2026-09-19T14:54:24-0500","::2407",2407,2
DISPARO,S032,12,"2026-09-19T14:54:25-0500","::2398",2398,2
DISPARO,S032,13,"2026-09-19T14:54:27-0500","::2391",2391,2
DISPARO,S032,14,"2026-09-19T14:54:29-0500","::2403",2403,2
DISPARO,S032,15,"2026-09-19T14:54:30-0500","::2400",2400,2
DISPARO,S032,16,"2026-09-19T14:54:32-0500","::2395",2395,2
DISPARO,S032,17,"2026-09-19T14:54:33-0500","::2407",2407,2
DISPARO,S032,18,"2026-09-19T14:54:35-0500","::2397",2397,2
DISPARO,S032,19,"2026-09-19T14:54:42-0500","::2398",2398,3
DISPARO,S032,20,"2026-09-19T14:54:43-0500","::2394",2394,3
DISPARO,S032,21,"2026-09-19T14:54:45-0500","::2402",2402,3
DISPARO,S032,22,"2026-09-19T14:54:47-0500","::2397",2397,3
DISPARO,S032,23,"2026-09-19T14:54:48-0500","::2397",2397,3
DISPARO,S032,24,"2026-09-19T14:54:50-0500","::2403",2403,3
DISPARO,S032,25,"2026-09-19T14:54:51-0500","::2403",2403,3
DISPARO,S032,26,"2026-09-19T14:54:53-0500","::2399",2399,3
DISPARO,S032,27,"2026-09-19T14:54:55-0500","::2403",2403,3
DISPARO,S032,28,"2026-09-19T14:55:02-0500","::2393",2393,4
DISPARO,S032,29,"2026-09-19T14:55:03-0500","::2390",2390,4
DISPARO,S032,30,"2026-09-19T14:55:05-0500","::2393",2393,4
DISPARO,S032,31,"2026-09-19T14:55:07-0500","::2396",2396,4
DISPARO,S032,32,"2026-09-19T14:55:08-0500","::2391",2391,4
DISPARO,S032,33,"2026-09-19T14:55:10-0500","::2396",2396,4
DISPARO,S032,34,"2026-09-19T14:55:11-0500","::2391",2391,4
DISPARO,S032,35,"2026-09-19T14:55:13-0500","::2389",2389,4
DISPARO,S032,36,"2026-09-19T14:55:15-0500","::2391",2391,4
DISPARO,S032,37,"2026-09-19T14:55:21-0500","::2404",2404,5
DISPARO,S032,38,"2026-09-19T14:55:23-0500","::2395",2395,5
DISPARO,S032,39,"2026-09-19T14:55:24-0500","::2400",2400,5
DISPARO,S032,40,"2026-09-19T14:55:26-0500","::2410",2410,5
DISPARO,S032,41,"2026-09-19T14:55:27-0500","::2413",2413,5
DISPARO,S032,42,"2026-09-19T14:55:29-0500","::2403",2403,5
DISPARO,S032,43,"2026-09-19T14:55:31-0500","::2396",2396,5
DISPARO,S032,44,"2026-09-19T14:55:32-0500","::2405",2405,5
DISPARO,S032,45,"2026-09-19T14:55:34-0500","::2407",2407,5
VEREDICTO,S032,OK,1,
SERIE,S033,"2026-09-19T14:55:57-0500",SLV-002,"00:21:13:05:19:3B",V3.6 2026-09-19 (3.6.2) CAL mascara 0003,P5,90,e
DISPARO,S033,1,"2026-09-19T14:56:00-0500","::2399",2399,1
DISPARO,S033,2,"2026-09-19T14:56:01-0500","::2403",2403,1
DISPARO,S033,3,"2026-09-19T14:56:03-0500","::2408",2408,1
DISPARO,S033,4,"2026-09-19T14:56:05-0500","::2413",2413,1
DISPARO,S033,5,"2026-09-19T14:56:06-0500","::2410",2410,1
DISPARO,S033,6,"2026-09-19T14:56:08-0500","::2422",2422,1
DISPARO,S033,7,"2026-09-19T14:56:10-0500","::2403",2403,1
DISPARO,S033,8,"2026-09-19T14:56:11-0500","::2425",2425,1
DISPARO,S033,9,"2026-09-19T14:56:13-0500","::2408",2408,1
DISPARO,S033,10,"2026-09-19T14:56:19-0500","::2419",2419,2
DISPARO,S033,11,"2026-09-19T14:56:21-0500","::2411",2411,2
DISPARO,S033,12,"2026-09-19T14:56:23-0500","::2421",2421,2
DISPARO,S033,13,"2026-09-19T14:56:24-0500","::2417",2417,2
DISPARO,S033,14,"2026-09-19T14:56:26-0500","::2412",2412,2
DISPARO,S033,15,"2026-09-19T14:56:27-0500","::2419",2419,2
DISPARO,S033,16,"2026-09-19T14:56:29-0500","::2412",2412,2
DISPARO,S033,17,"2026-09-19T14:56:31-0500","::2417",2417,2
DISPARO,S033,18,"2026-09-19T14:56:32-0500","::2412",2412,2
DISPARO,S033,19,"2026-09-19T14:56:40-0500","::2408",2408,3
DISPARO,S033,20,"2026-09-19T14:56:42-0500","::2416",2416,3
DISPARO,S033,21,"2026-09-19T14:56:43-0500","::2408",2408,3
DISPARO,S033,22,"2026-09-19T14:56:45-0500","::2408",2408,3
DISPARO,S033,23,"2026-09-19T14:56:46-0500","::2407",2407,3
DISPARO,S033,24,"2026-09-19T14:56:48-0500","::2407",2407,3
DISPARO,S033,25,"2026-09-19T14:56:50-0500","::2407",2407,3
DISPARO,S033,26,"2026-09-19T14:56:51-0500","::2412",2412,3
DISPARO,S033,27,"2026-09-19T14:56:53-0500","::2409",2409,3
DISPARO,S033,28,"2026-09-19T14:57:01-0500","::2396",2396,4
DISPARO,S033,29,"2026-09-19T14:57:02-0500","::2400",2400,4
DISPARO,S033,30,"2026-09-19T14:57:04-0500","::2389",2389,4
DISPARO,S033,31,"2026-09-19T14:57:05-0500","::2402",2402,4
DISPARO,S033,32,"2026-09-19T14:57:07-0500","::2392",2392,4
DISPARO,S033,33,"2026-09-19T14:57:09-0500","::2403",2403,4
DISPARO,S033,34,"2026-09-19T14:57:10-0500","::2408",2408,4
DISPARO,S033,35,"2026-09-19T14:57:12-0500","::2409",2409,4
DISPARO,S033,36,"2026-09-19T14:57:13-0500","::2403",2403,4
DISPARO,S033,37,"2026-09-19T14:57:19-0500","::2397",2397,5
DISPARO,S033,38,"2026-09-19T14:57:20-0500","::2400",2400,5
DISPARO,S033,39,"2026-09-19T14:57:22-0500","::2402",2402,5
DISPARO,S033,40,"2026-09-19T14:57:24-0500","::2404",2404,5
DISPARO,S033,41,"2026-09-19T14:57:25-0500","::2408",2408,5
DISPARO,S033,42,"2026-09-19T14:57:27-0500","::2398",2398,5
DISPARO,S033,43,"2026-09-19T14:57:28-0500","::2402",2402,5
DISPARO,S033,44,"2026-09-19T14:57:30-0500","::2407",2407,5
DISPARO,S033,45,"2026-09-19T14:57:32-0500","::2396",2396,5
VEREDICTO,S033,OK,1,
SERIE,S034,"2026-09-19T14:58:18-0500",SLV-002,"00:21:13:05:19:3B",V3.6 2026-09-19 (3.6.2) CAL mascara 0003,P1,0,e
DISPARO,S034,1,"2026-09-19T14:58:20-0500","::2957",2957,1
DISPARO,S034,2,"2026-09-19T14:58:22-0500","::2980",2980,1
DISPARO,S034,3,"2026-09-19T14:58:24-0500","::2967",2967,1
DISPARO,S034,4,"2026-09-19T14:58:25-0500","::2980",2980,1
DISPARO,S034,5,"2026-09-19T14:58:27-0500","::2977",2977,1
DISPARO,S034,6,"2026-09-19T14:58:28-0500","::2968",2968,1
DISPARO,S034,7,"2026-09-19T14:58:30-0500","::2979",2979,1
DISPARO,S034,8,"2026-09-19T14:58:32-0500","::2973",2973,1
DISPARO,S034,9,"2026-09-19T14:58:33-0500","::2976",2976,1
DISPARO,S034,10,"2026-09-19T14:58:42-0500","::2955",2955,2
DISPARO,S034,11,"2026-09-19T14:58:44-0500","::2963",2963,2
DISPARO,S034,12,"2026-09-19T14:58:46-0500","::2961",2961,2
DISPARO,S034,13,"2026-09-19T14:58:47-0500","::2964",2964,2
DISPARO,S034,14,"2026-09-19T14:58:49-0500","::2966",2966,2
DISPARO,S034,15,"2026-09-19T14:58:50-0500","::2963",2963,2
DISPARO,S034,16,"2026-09-19T14:58:52-0500","::2975",2975,2
DISPARO,S034,17,"2026-09-19T14:58:54-0500","::2963",2963,2
DISPARO,S034,18,"2026-09-19T14:58:55-0500","::2972",2972,2
DISPARO,S034,19,"2026-09-19T14:59:01-0500","::2938",2938,3
DISPARO,S034,20,"2026-09-19T14:59:03-0500","::2952",2952,3
DISPARO,S034,21,"2026-09-19T14:59:04-0500","::2957",2957,3
DISPARO,S034,22,"2026-09-19T14:59:06-0500","::2963",2963,3
DISPARO,S034,23,"2026-09-19T14:59:08-0500","::2954",2954,3
DISPARO,S034,24,"2026-09-19T14:59:09-0500","::2956",2956,3
DISPARO,S034,25,"2026-09-19T14:59:11-0500","::2954",2954,3
DISPARO,S034,26,"2026-09-19T14:59:12-0500","::2961",2961,3
DISPARO,S034,27,"2026-09-19T14:59:14-0500","::2971",2971,3
DISPARO,S034,28,"2026-09-19T14:59:18-0500","::2959",2959,4
DISPARO,S034,29,"2026-09-19T14:59:20-0500","::2955",2955,4
DISPARO,S034,30,"2026-09-19T14:59:21-0500","::2966",2966,4
DISPARO,S034,31,"2026-09-19T14:59:23-0500","::2955",2955,4
DISPARO,S034,32,"2026-09-19T14:59:25-0500","::2946",2946,4
DISPARO,S034,33,"2026-09-19T14:59:26-0500","::2963",2963,4
DISPARO,S034,34,"2026-09-19T14:59:28-0500","::2965",2965,4
DISPARO,S034,35,"2026-09-19T14:59:29-0500","::2964",2964,4
DISPARO,S034,36,"2026-09-19T14:59:31-0500","::2958",2958,4
DISPARO,S034,37,"2026-09-19T14:59:37-0500","::2962",2962,5
DISPARO,S034,38,"2026-09-19T14:59:38-0500","::2956",2956,5
DISPARO,S034,39,"2026-09-19T14:59:40-0500","::2956",2956,5
DISPARO,S034,40,"2026-09-19T14:59:41-0500","::2968",2968,5
DISPARO,S034,41,"2026-09-19T14:59:43-0500","::2956",2956,5
DISPARO,S034,42,"2026-09-19T14:59:45-0500","::2958",2958,5
DISPARO,S034,43,"2026-09-19T14:59:46-0500","::2948",2948,5
DISPARO,S034,44,"2026-09-19T14:59:48-0500","::2953",2953,5
DISPARO,S034,45,"2026-09-19T14:59:49-0500","::2954",2954,5
VEREDICTO,S034,OK,1,
SERIE,S035,"2026-09-19T15:00:52-0500",SLV-002,"00:21:13:05:19:3B",V3.6 2026-09-19 (3.6.2) CAL mascara 0003,P2,0,e
DISPARO,S035,1,"2026-09-19T15:00:55-0500","::2052",2052,1
DISPARO,S035,2,"2026-09-19T15:00:57-0500","::2059",2059,1
DISPARO,S035,3,"2026-09-19T15:00:58-0500","::2050",2050,1
DISPARO,S035,4,"2026-09-19T15:01:00-0500","::2057",2057,1
DISPARO,S035,5,"2026-09-19T15:01:02-0500","::2055",2055,1
DISPARO,S035,6,"2026-09-19T15:01:04-0500","::2063",2063,1
DISPARO,S035,7,"2026-09-19T15:01:05-0500","::2052",2052,1
DISPARO,S035,8,"2026-09-19T15:01:07-0500","::2052",2052,1
DISPARO,S035,9,"2026-09-19T15:01:08-0500","::2063",2063,1
DISPARO,S035,10,"2026-09-19T15:01:13-0500","::2054",2054,2
DISPARO,S035,11,"2026-09-19T15:01:15-0500","::2066",2066,2
DISPARO,S035,12,"2026-09-19T15:01:16-0500","::2062",2062,2
DISPARO,S035,13,"2026-09-19T15:01:18-0500","::2060",2060,2
DISPARO,S035,14,"2026-09-19T15:01:20-0500","::2061",2061,2
DISPARO,S035,15,"2026-09-19T15:01:21-0500","::2059",2059,2
DISPARO,S035,16,"2026-09-19T15:01:23-0500","::2065",2065,2
DISPARO,S035,17,"2026-09-19T15:01:24-0500","::2057",2057,2
DISPARO,S035,18,"2026-09-19T15:01:26-0500","::2065",2065,2
DISPARO,S035,19,"2026-09-19T15:01:32-0500","::2056",2056,3
DISPARO,S035,20,"2026-09-19T15:01:34-0500","::2051",2051,3
DISPARO,S035,21,"2026-09-19T15:01:35-0500","::2049",2049,3
DISPARO,S035,22,"2026-09-19T15:01:37-0500","::2060",2060,3
DISPARO,S035,23,"2026-09-19T15:01:39-0500","::2058",2058,3
DISPARO,S035,24,"2026-09-19T15:01:40-0500","::2058",2058,3
DISPARO,S035,25,"2026-09-19T15:01:42-0500","::2059",2059,3
DISPARO,S035,26,"2026-09-19T15:01:43-0500","::2053",2053,3
DISPARO,S035,27,"2026-09-19T15:01:45-0500","::2070",2070,3
DISPARO,S035,28,"2026-09-19T15:01:50-0500","::2048",2048,4
DISPARO,S035,29,"2026-09-19T15:01:52-0500","::2050",2050,4
DISPARO,S035,30,"2026-09-19T15:01:54-0500","::2051",2051,4
DISPARO,S035,31,"2026-09-19T15:01:55-0500","::2048",2048,4
DISPARO,S035,32,"2026-09-19T15:01:57-0500","::2060",2060,4
DISPARO,S035,33,"2026-09-19T15:01:59-0500","::2054",2054,4
DISPARO,S035,34,"2026-09-19T15:02:00-0500","::2057",2057,4
DISPARO,S035,35,"2026-09-19T15:02:02-0500","::2061",2061,4
DISPARO,S035,36,"2026-09-19T15:02:03-0500","::2056",2056,4
DISPARO,S035,37,"2026-09-19T15:02:09-0500","::2055",2055,5
DISPARO,S035,38,"2026-09-19T15:02:11-0500","::2057",2057,5
DISPARO,S035,39,"2026-09-19T15:02:12-0500","::2050",2050,5
DISPARO,S035,40,"2026-09-19T15:02:14-0500","::2051",2051,5
DISPARO,S035,41,"2026-09-19T15:02:16-0500","::2048",2048,5
DISPARO,S035,42,"2026-09-19T15:02:17-0500","::2044",2044,5
DISPARO,S035,43,"2026-09-19T15:02:19-0500","::2057",2057,5
DISPARO,S035,44,"2026-09-19T15:02:20-0500","::2062",2062,5
DISPARO,S035,45,"2026-09-19T15:02:22-0500","::2054",2054,5
VEREDICTO,S035,OK,1,
SERIE,S036,"2026-09-19T15:02:29-0500",SLV-002,"00:21:13:05:19:3B",V3.6 2026-09-19 (3.6.2) CAL mascara 0003,P27,0,e
DISPARO,S036,1,"2026-09-19T15:02:32-0500","::2058",2058,1
DISPARO,S036,2,"2026-09-19T15:02:34-0500","::2053",2053,1
DISPARO,S036,3,"2026-09-19T15:02:35-0500","::2054",2054,1
DISPARO,S036,4,"2026-09-19T15:02:37-0500","::2057",2057,1
DISPARO,S036,5,"2026-09-19T15:02:38-0500","::2055",2055,1
DISPARO,S036,6,"2026-09-19T15:02:40-0500","::2053",2053,1
DISPARO,S036,7,"2026-09-19T15:02:41-0500","::2048",2048,1
DISPARO,S036,8,"2026-09-19T15:02:43-0500","::2052",2052,1
DISPARO,S036,9,"2026-09-19T15:02:45-0500","::2054",2054,1
DISPARO,S036,10,"2026-09-19T15:03:25-0500","::1958",1958,2
DISPARO,S036,11,"2026-09-19T15:03:26-0500","::1954",1954,2
DISPARO,S036,12,"2026-09-19T15:03:28-0500","::1949",1949,2
DISPARO,S036,13,"2026-09-19T15:03:30-0500","::1957",1957,2
DISPARO,S036,14,"2026-09-19T15:03:31-0500","::1968",1968,2
DISPARO,S036,15,"2026-09-19T15:03:33-0500","::1955",1955,2
DISPARO,S036,16,"2026-09-19T15:03:34-0500","::1959",1959,2
DISPARO,S036,17,"2026-09-19T15:03:36-0500","::1957",1957,2
DISPARO,S036,18,"2026-09-19T15:03:38-0500","::1957",1957,2
DISPARO,S036,19,"2026-09-19T15:03:43-0500","::1953",1953,3
DISPARO,S036,20,"2026-09-19T15:03:45-0500","::1964",1964,3
DISPARO,S036,21,"2026-09-19T15:03:46-0500","::1957",1957,3
DISPARO,S036,22,"2026-09-19T15:03:48-0500","::1957",1957,3
DISPARO,S036,23,"2026-09-19T15:03:49-0500","::1961",1961,3
DISPARO,S036,24,"2026-09-19T15:03:51-0500","::1959",1959,3
DISPARO,S036,25,"2026-09-19T15:03:53-0500","::1963",1963,3
DISPARO,S036,26,"2026-09-19T15:03:54-0500","::1955",1955,3
DISPARO,S036,27,"2026-09-19T15:03:56-0500","::1952",1952,3
DISPARO,S036,28,"2026-09-19T15:04:01-0500","::1952",1952,4
DISPARO,S036,29,"2026-09-19T15:04:03-0500","::1959",1959,4
DISPARO,S036,30,"2026-09-19T15:04:04-0500","::1961",1961,4
DISPARO,S036,31,"2026-09-19T15:04:06-0500","::1960",1960,4
DISPARO,S036,32,"2026-09-19T15:04:08-0500","::1954",1954,4
DISPARO,S036,33,"2026-09-19T15:04:09-0500","::1952",1952,4
DISPARO,S036,34,"2026-09-19T15:04:11-0500","::1952",1952,4
DISPARO,S036,35,"2026-09-19T15:04:12-0500","::1964",1964,4
DISPARO,S036,36,"2026-09-19T15:04:14-0500","::1961",1961,4
DISPARO,S036,37,"2026-09-19T15:04:19-0500","::1953",1953,5
DISPARO,S036,38,"2026-09-19T15:04:21-0500","::1942",1942,5
DISPARO,S036,39,"2026-09-19T15:04:22-0500","::1963",1963,5
DISPARO,S036,40,"2026-09-19T15:04:24-0500","::1953",1953,5
DISPARO,S036,41,"2026-09-19T15:04:25-0500","::1950",1950,5
DISPARO,S036,42,"2026-09-19T15:04:27-0500","::1961",1961,5
DISPARO,S036,43,"2026-09-19T15:04:28-0500","::1956",1956,5
DISPARO,S036,44,"2026-09-19T15:04:30-0500","::1965",1965,5
DISPARO,S036,45,"2026-09-19T15:04:32-0500","::1958",1958,5
VEREDICTO,S036,OK,1,
SERIE,S037,"2026-09-19T15:05:16-0500",SLV-002,"00:21:13:05:19:3B",V3.6 2026-09-19 (3.6.2) CAL mascara 0003,P28,0,e
DISPARO,S037,1,"2026-09-19T15:05:19-0500","::2070",2070,1
DISPARO,S037,2,"2026-09-19T15:05:20-0500","::2065",2065,1
DISPARO,S037,3,"2026-09-19T15:05:22-0500","::2075",2075,1
DISPARO,S037,4,"2026-09-19T15:05:24-0500","::2078",2078,1
DISPARO,S037,5,"2026-09-19T15:05:25-0500","::2061",2061,1
DISPARO,S037,6,"2026-09-19T15:05:27-0500","::2065",2065,1
DISPARO,S037,7,"2026-09-19T15:05:29-0500","::2069",2069,1
DISPARO,S037,8,"2026-09-19T15:05:30-0500","::2073",2073,1
DISPARO,S037,9,"2026-09-19T15:05:32-0500","::2064",2064,1
DISPARO,S037,10,"2026-09-19T15:05:38-0500","::2057",2057,2
DISPARO,S037,11,"2026-09-19T15:05:39-0500","::2053",2053,2
DISPARO,S037,12,"2026-09-19T15:05:41-0500","::2057",2057,2
DISPARO,S037,13,"2026-09-19T15:05:42-0500","::2070",2070,2
DISPARO,S037,14,"2026-09-19T15:05:44-0500","::2055",2055,2
DISPARO,S037,15,"2026-09-19T15:05:46-0500","::2062",2062,2
DISPARO,S037,16,"2026-09-19T15:05:47-0500","::2070",2070,2
DISPARO,S037,17,"2026-09-19T15:05:49-0500","::2066",2066,2
DISPARO,S037,18,"2026-09-19T15:05:50-0500","::2069",2069,2
DISPARO,S037,19,"2026-09-19T15:05:56-0500","::2066",2066,3
DISPARO,S037,20,"2026-09-19T15:05:58-0500","::2066",2066,3
DISPARO,S037,21,"2026-09-19T15:05:59-0500","::2060",2060,3
DISPARO,S037,22,"2026-09-19T15:06:01-0500","::2060",2060,3
DISPARO,S037,23,"2026-09-19T15:06:03-0500","::2073",2073,3
DISPARO,S037,24,"2026-09-19T15:06:04-0500","::2067",2067,3
DISPARO,S037,25,"2026-09-19T15:06:06-0500","::2061",2061,3
DISPARO,S037,26,"2026-09-19T15:06:07-0500","::2068",2068,3
DISPARO,S037,27,"2026-09-19T15:06:09-0500","::2067",2067,3
DISPARO,S037,28,"2026-09-19T15:06:14-0500","::2069",2069,4
DISPARO,S037,29,"2026-09-19T15:06:16-0500","::2065",2065,4
DISPARO,S037,30,"2026-09-19T15:06:18-0500","::2066",2066,4
DISPARO,S037,31,"2026-09-19T15:06:19-0500","::2074",2074,4
DISPARO,S037,32,"2026-09-19T15:06:21-0500","::2065",2065,4
DISPARO,S037,33,"2026-09-19T15:06:22-0500","::2071",2071,4
DISPARO,S037,34,"2026-09-19T15:06:24-0500","::2066",2066,4
DISPARO,S037,35,"2026-09-19T15:06:26-0500","::2059",2059,4
DISPARO,S037,36,"2026-09-19T15:06:27-0500","::2063",2063,4
DISPARO,S037,37,"2026-09-19T15:06:33-0500","::2059",2059,5
DISPARO,S037,38,"2026-09-19T15:06:34-0500","::2071",2071,5
DISPARO,S037,39,"2026-09-19T15:06:36-0500","::2063",2063,5
DISPARO,S037,40,"2026-09-19T15:06:38-0500","::2069",2069,5
DISPARO,S037,41,"2026-09-19T15:06:39-0500","::2069",2069,5
DISPARO,S037,42,"2026-09-19T15:06:41-0500","::2064",2064,5
DISPARO,S037,43,"2026-09-19T15:06:42-0500","::2064",2064,5
DISPARO,S037,44,"2026-09-19T15:06:44-0500","::2066",2066,5
DISPARO,S037,45,"2026-09-19T15:06:45-0500","::2066",2066,5
VEREDICTO,S037,DUDOSO,0,repetida
SERIE,S038,"2026-09-19T15:06:50-0500",SLV-002,"00:21:13:05:19:3B",V3.6 2026-09-19 (3.6.2) CAL mascara 0003,P28,0,e
DISPARO,S038,1,"2026-09-19T15:06:53-0500","::2059",2059,1
DISPARO,S038,2,"2026-09-19T15:06:55-0500","::2065",2065,1
DISPARO,S038,3,"2026-09-19T15:06:56-0500","::2073",2073,1
DISPARO,S038,4,"2026-09-19T15:06:58-0500","::2061",2061,1
DISPARO,S038,5,"2026-09-19T15:06:59-0500","::2067",2067,1
DISPARO,S038,6,"2026-09-19T15:07:01-0500","::2065",2065,1
DISPARO,S038,7,"2026-09-19T15:07:03-0500","::2061",2061,1
DISPARO,S038,8,"2026-09-19T15:07:04-0500","::2064",2064,1
DISPARO,S038,9,"2026-09-19T15:07:06-0500","::2066",2066,1
DISPARO,S038,10,"2026-09-19T15:07:11-0500","::2060",2060,2
DISPARO,S038,11,"2026-09-19T15:07:13-0500","::2065",2065,2
DISPARO,S038,12,"2026-09-19T15:07:15-0500","::2063",2063,2
DISPARO,S038,13,"2026-09-19T15:07:16-0500","::2062",2062,2
DISPARO,S038,14,"2026-09-19T15:07:18-0500","::2070",2070,2
DISPARO,S038,15,"2026-09-19T15:07:19-0500","::2062",2062,2
DISPARO,S038,16,"2026-09-19T15:07:21-0500","::2070",2070,2
DISPARO,S038,17,"2026-09-19T15:07:23-0500","::2060",2060,2
DISPARO,S038,18,"2026-09-19T15:07:24-0500","::2073",2073,2
DISPARO,S038,19,"2026-09-19T15:07:32-0500","::2195",2195,3
DISPARO,S038,20,"2026-09-19T15:07:34-0500","::2186",2186,3
DISPARO,S038,21,"2026-09-19T15:07:35-0500","::2194",2194,3
DISPARO,S038,22,"2026-09-19T15:07:37-0500","::2197",2197,3
DISPARO,S038,23,"2026-09-19T15:07:39-0500","::2192",2192,3
DISPARO,S038,24,"2026-09-19T15:07:40-0500","::2202",2202,3
DISPARO,S038,25,"2026-09-19T15:07:42-0500","::2192",2192,3
DISPARO,S038,26,"2026-09-19T15:07:43-0500","::2191",2191,3
DISPARO,S038,27,"2026-09-19T15:07:45-0500","::2199",2199,3
DISPARO,S038,28,"2026-09-19T15:07:50-0500","::2193",2193,4
DISPARO,S038,29,"2026-09-19T15:07:52-0500","::2187",2187,4
DISPARO,S038,30,"2026-09-19T15:07:54-0500","::2189",2189,4
DISPARO,S038,31,"2026-09-19T15:07:55-0500","::2187",2187,4
DISPARO,S038,32,"2026-09-19T15:07:57-0500","::2194",2194,4
DISPARO,S038,33,"2026-09-19T15:07:58-0500","::2184",2184,4
DISPARO,S038,34,"2026-09-19T15:08:00-0500","::2184",2184,4
DISPARO,S038,35,"2026-09-19T15:08:02-0500","::2182",2182,4
DISPARO,S038,36,"2026-09-19T15:08:03-0500","::2178",2178,4
DISPARO,S038,37,"2026-09-19T15:08:08-0500","::2181",2181,5
DISPARO,S038,38,"2026-09-19T15:08:10-0500","::2181",2181,5
DISPARO,S038,39,"2026-09-19T15:08:11-0500","::2179",2179,5
DISPARO,S038,40,"2026-09-19T15:08:13-0500","::2182",2182,5
DISPARO,S038,41,"2026-09-19T15:08:15-0500","::2191",2191,5
DISPARO,S038,42,"2026-09-19T15:08:16-0500","::2185",2185,5
DISPARO,S038,43,"2026-09-19T15:08:18-0500","::2189",2189,5
DISPARO,S038,44,"2026-09-19T15:08:19-0500","::2177",2177,5
DISPARO,S038,45,"2026-09-19T15:08:21-0500","::2187",2187,5
VEREDICTO,S038,REPETIR,1,Ok
