patron,valor_certificado,tipo,color,codigo,origen,K,sesiones,x,sigma_x,x_fabrica_invertida,x_esperada,banda_x,R_fabrica,error_fabrica_pct,R_acta,error_acta_pct,R_propuesta,error_propuesta_pct
P1,762,XI,blanco,1,medido,2,10:33+mañana,3013.9,46.9,2865.0,,,778,2.1,737,-3.3,737,-3.3
P2,414,IV,blanco,1,medido,2,10:33+mañana,2036.3,31.7,1451.2,,,599,44.7,445,7.5,445,7.5
P3,378,IV,blanco,1,medido,2,10:33+mañana,1666.9,26.0,1355.6,,,489,29.4,335,-11.4,335,-11.4
P4,828,XI,blanco,1,medido,7,10:33+12:00+mañana,3294.0,27.4,,,,799,-3.5,820,-1.0,820,-1.0
P5,740,XI,amarillo,2,medido,5,10:33+12:20+mañana,2495.9,24.6,2223.1,,,804,8.6,705,-4.7,705,-4.7
P6,772,XI,blanco,1,medido,2,10:33+mañana,3141.5,48.9,2950.9,,,789,2.2,775,0.4,775,0.4
P7,768,XI,blanco,1,medido,3,10:33+mañana,3195.0,40.6,2915.2,,,793,3.3,791,3.0,791,3.0
P8,721,XI,amarillo,2,medido,2,10:33+mañana,2525.2,39.3,2161.9,,,809,12.2,716,-0.7,716,-0.7
P9,705,XI,amarillo,2,medido,2,10:33+mañana,2518.6,39.3,2113.5,,,808,14.6,714,1.3,714,1.3
P10,680,XI,amarillo,2,medido,2,10:33+mañana,2483.0,39.1,2042.6,,,802,17.9,700,2.9,700,2.9
P11,194,IV,rojo,4,medido,1,10:33,1722.9,37.9,1173.6,,,238,22.7,238,22.7,238,22.7
P12,227,IV,rojo,4,medido,1,10:33,1761.9,38.9,1568.0,,,242,6.6,242,6.6,242,6.6
P13,168,XI,verde,3,medido,1,10:33,830.9,18.3,953.1,,,137,-18.5,137,-18.5,137,-18.5
P14,173,XI,verde,3,medido,1,10:33,849.1,18.7,977.2,,,142,-17.9,142,-17.9,142,-17.9
P15,164,XI,verde,3,medido,1,10:33,843.2,18.6,935.0,,,140,-14.6,140,-14.6,140,-14.6
P16,170,XI,verde,3,medido,1,10:33,846.7,18.7,962.6,,,141,-17.1,141,-17.1,141,-17.1
P17,83,XI,azul,5,medido,1,10:33,828.4,18.3,1145.8,,,37,-55.4,37,-55.4,37,-55.4
P18,84,XI,azul,5,medido,1,10:33,813.4,18.0,1152.0,,,35,-58.3,35,-58.3,35,-58.3
P19,85,XI,azul,5,medido,1,10:33,823.6,18.2,1158.1,,,37,-56.5,37,-56.5,37,-56.5
P20,782,XI,amarillo,2,medido,3,10:33+mañana,2796.6,35.5,2382.6,,,829,6.0,815,4.2,815,4.2
P21,375,IV,amarillo,2,medido,3,10:33+mañana,1557.8,19.8,1354.6,,,472,25.9,362,-3.5,362,-3.5
P22,334,IV,amarillo,2,medido,7,10:33+12:00+mañana,1432.0,11.9,1270.6,,,412,23.4,316,-5.4,316,-5.4
P23,714,XI,amarillo,2,medido,3,10:33+mañana,2738.5,34.8,2140.4,,,829,16.1,794,11.2,794,11.2
P24,593,IV,amarillo,2,medido,2,10:33+mañana,2026.0,31.6,1823.5,,,673,13.5,533,-10.1,533,-10.1
P25,576,IX,amarillo,2,medido,2,10:33+mañana,2179.3,33.9,1784.0,,,726,26.0,589,2.3,589,2.3
P26,583,IX,amarillo,2,medido,2,10:33+mañana,2178.0,33.9,1800.2,,,726,24.5,589,1.0,589,1.0
P27,471,IX,blanco,1,medido,1,10:33,2111.1,46.5,1611.9,,,619,31.4,467,-0.8,467,-0.8
P28,484,IX,blanco,1,medido,7,10:33+12:00+12:20,2232.6,18.6,1650.5,,,649,34.1,504,4.1,504,4.1
P29,442,IV,amarillo,2,medido,2,10:33+mañana,1700.1,26.5,1492.9,,,538,21.7,414,-6.3,414,-6.3
P30,448,IV,amarillo,2,medido,2,10:33+mañana,1659.1,25.8,1505.5,,,520,16.1,399,-10.9,399,-10.9
P31,573,IX,amarillo,2,medido,2,10:33+mañana,2091.1,32.6,1777.1,,,697,21.6,557,-2.8,557,-2.8
P32a,9,I,azul,c,medido,1,10:33,630.9,14.0,578.8,,,14,55.6,14,55.6,14,55.6
P32b,68,I,naranja,d,medido,1,10:33,802.8,17.8,984.6,,,38,-44.1,38,-44.1,38,-44.1
P33,72,I,naranja,d,medido,1,10:33,849.8,18.8,1006.6,,,45,-37.5,45,-37.5,45,-37.5
P34,86,I,amarillo,8,medido,1,10:33,958.3,21.3,1131.1,,,67,-22.1,67,-22.1,80,-7.0
P35,96,I,blanco,7,medido,1,10:33,1114.7,24.6,1110.9,,,96,0.0,96,0.0,96,0.0
P36,10,I,azul,c,medido,1,10:33,638.8,14.2,588.1,,,15,50.0,15,50.0,15,50.0
P37,82,I,amarillo,8,medido,1,10:33,992.4,21.9,1091.3,,,71,-13.4,71,-13.4,87,6.1
P38,52,I,rojo,b,medido,1,10:33,743.9,16.4,1032.7,,,15,-71.2,15,-71.2,56,7.7
P39,46,I,rojo,b,medido,1,10:33,734.3,16.2,993.5,,,15,-67.4,15,-67.4,52,13.0
P40,6,I,verde,a,medido,1,10:33,624.7,13.8,,,,60,900.0,60,900.0,60,900.0
P41,73,I,naranja,d,medido,1,10:33,898.7,19.8,1012.0,,,53,-27.4,53,-27.4,53,-27.4
P42,7,I,azul,c,medido,1,10:33,592.6,13.1,,,,10,42.9,10,42.9,10,42.9
P43,122,I,amarillo,8,medido,1,10:33,1151.3,25.4,1466.2,,,87,-28.7,87,-28.7,119,-2.5
P44,64,I,amarillo,8,medido,1,10:33,898.6,19.8,922.5,,,61,-4.7,61,-4.7,68,6.2
P45,7,I,verde,a,medido,1,10:33,615.6,13.6,,,,56,700.0,56,700.0,56,700.0
P46,9,I,azul,c,medido,1,10:33,644.3,14.3,578.8,,,16,77.8,16,77.8,16,77.8
P47,9,I,azul,c,medido,1,10:33,606.3,13.4,578.8,,,11,22.2,11,22.2,11,22.2
P48,9,I,azul,c,medido,1,10:33,605.4,13.4,578.8,,,11,22.2,11,22.2,11,22.2
P49,81,I,rojo,b,medido,1,10:33,797.2,17.7,1197.4,,,21,-74.1,21,-74.1,72,-11.1
P50,71,I,naranja,d,medido,1,10:33,907.1,20.0,1001.1,,,54,-23.9,54,-23.9,54,-23.9
P51,439,IV,blanco,1,estimacion,,,,,1520.1,2012.8,188.5,593,,438,,438,
P52,421,IV,blanco,1,estimacion,,,,,1470.3,1952.5,181.2,577,,420,,420,
P53,279,XI,rojo,4,estimacion,,,,,2031.9,2127.0,289.0,298,,298,,298,
P54,121,IV,rojo,4,estimacion,,,,,802.5,1242.6,130.6,201,,201,,201,
P55,146,XI,rojo,4,estimacion,,,,,896.9,1382.6,155.5,213,,213,,213,
P56,347,IV,blanco,1,estimacion,,,,,1276.5,1704.9,151.0,501,,346,,346,
P57,218,IV,rojo,4,estimacion,,,,,1438.2,1785.6,227.6,244,,244,,244,
P58,432,IV,blanco,1,estimacion,,,,,1500.6,1989.3,185.6,587,,431,,431,
P59,122,IV,rojo,4,estimacion,,,,,805.9,1248.2,131.6,202,,202,,202,
P60,68,IV,rojo,4,estimacion,,,,,648.9,946.0,78.6,157,,157,,157,
P61,207,IV,amarillo,2,estimacion,,,,,1007.3,1122.3,82.3,261,,203,,203,
P62,280,IV,amarillo,2,estimacion,,,,,1159.7,1318.7,106.3,357,,275,,275,
P63,121,IV,verde,3,estimacion,,,,,779.3,764.7,35.6,116,,116,,116,
P64,54,IV,verde,3,estimacion,,,,,611.2,654.3,29.3,73,,73,,73,
P65,51,IV,verde,3,estimacion,,,,,604.8,649.4,29.0,71,,71,,71,
P66,89,IV,azul,5,estimacion,,,,,1182.2,835.7,41.4,38,,38,,38,
P67,95,IV,azul,5,estimacion,,,,,1217.4,853.9,42.7,41,,41,,41,
P68,36,IV,cafe,4,estimacion,,,,,574.4,766.9,48.8,110,,110,,110,
P69,139,IV,lila,4,estimacion,,,,,868.4,1343.4,148.5,210,,210,,210,
P70,80,IV,naranja,6,estimacion,,,,,1049.2,1049.2,424.8,79,,79,,79,
P71,84,IV,naranja,6,estimacion,,,,,1069.9,1069.9,442.9,84,,84,,84,
P72,93,IV,naranja,6,estimacion,,,,,1115.1,1115.1,482.3,92,,92,,92,
P73,614,IX,blanco,1,estimacion,,,,,2089.7,2598.4,260.2,722,,613,,613,
P74,169,IX,rojo,4,estimacion,,,,,1006.7,1511.3,178.5,223,,223,,223,
P75,138,IX,rojo,4,estimacion,,,,,864.5,1337.8,147.5,210,,210,,210,
P76,433,IX,amarillo,2,estimacion,,,,,1474.2,1730.3,157.4,552,,425,,425,
P77,391,IX,amarillo,2,estimacion,,,,,1387.4,1617.3,143.3,500,,384,,384,
P78,97,IX,verde,3,estimacion,,,,,712.0,725.2,33.2,101,,101,,101,
P79,51,IX,verde,3,estimacion,,,,,604.8,649.4,29.0,71,,71,,71,
P80,51,IX,verde,3,estimacion,,,,,604.8,649.4,29.0,71,,71,,71,
P81,92,IX,azul,5,estimacion,,,,,1199.9,844.8,42.1,39,,39,,39,
P82,98,IX,azul,5,estimacion,,,,,1234.6,863.0,43.4,42,,42,,42,
P83,55,IX,cafe,4,estimacion,,,,,617.4,873.2,66.2,140,,140,,140,
P84,177,IX,lila,4,estimacion,,,,,1052.9,1556.1,186.5,226,,226,,226,
P85,118,IX,naranja,6,estimacion,,,,,1231.9,1231.9,584.2,118,,118,,118,
P86,124,IX,naranja,6,estimacion,,,,,1258.3,1258.3,607.3,123,,123,,123,
P87,131,IX,naranja,6,estimacion,,,,,1288.5,1288.5,633.6,130,,130,,130,
P88,773,XI,blanco,1,estimacion,,,,,2960.2,3130.5,325.5,788,,771,,771,
P89,183,XI,rojo,4,estimacion,,,,,1091.4,1589.7,192.5,228,,228,,228,
P90,162,XI,rojo,4,estimacion,,,,,970.1,1472.1,171.5,220,,220,,220,
P91,516,XI,amarillo,2,estimacion,,,,,1650.2,1953.6,185.3,646,,507,,507,
P92,522,XI,amarillo,2,estimacion,,,,,1663.2,1969.8,187.3,652,,513,,513,
P93,85,XI,verde,3,estimacion,,,,,681.7,705.4,32.1,94,,94,,94,
P94,51,XI,verde,3,estimacion,,,,,604.8,649.4,29.0,71,,71,,71,
P95,51,XI,verde,3,estimacion,,,,,604.8,649.4,29.0,71,,71,,71,
P96,95,XI,azul,5,estimacion,,,,,1217.4,853.9,42.7,41,,41,,41,
P97,102,XI,azul,5,estimacion,,,,,1257.2,875.2,44.3,43,,43,,43,
P98,68,XI,cafe,4,estimacion,,,,,648.9,946.0,78.6,157,,157,,157,
P99,188,XI,lila,4,estimacion,,,,,1126.7,1617.7,197.5,230,,230,,230,
P100,143,XI,naranja,6,estimacion,,,,,1338.6,1338.6,677.4,143,,143,,143,
P101,146,XI,naranja,6,estimacion,,,,,1350.8,1350.8,688.1,146,,146,,146,
P102,173,XI,naranja,6,estimacion,,,,,1456.4,1456.4,780.3,172,,172,,172,
P103,763,XI,blanco,1,estimacion,,,,,2873.1,3097.0,321.4,786,,762,,762,
P104,173,XI,rojo,4,estimacion,,,,,1029.1,1533.7,182.5,224,,224,,224,
P105,164,XI,rojo,4,estimacion,,,,,980.2,1483.3,173.5,221,,221,,221,
P106,493,XI,amarillo,2,estimacion,,,,,1600.6,1891.8,177.6,621,,484,,484,
P107,478,XI,amarillo,2,estimacion,,,,,1568.6,1851.4,172.5,604,,469,,469,
P108,96,XI,verde,3,estimacion,,,,,709.4,723.5,33.1,101,,101,,101,
P109,51,XI,verde,3,estimacion,,,,,604.8,649.4,29.0,71,,71,,71,
P110,51,XI,verde,3,estimacion,,,,,604.8,649.4,29.0,71,,71,,71,
P111,93,XI,azul,5,estimacion,,,,,1205.8,847.9,42.3,40,,40,,40,
P112,101,XI,azul,5,estimacion,,,,,1251.6,872.2,44.1,43,,43,,43,
P113,60,XI,cafe,4,estimacion,,,,,629.3,901.2,70.9,146,,146,,146,
P114,202,XI,lila,4,estimacion,,,,,1246.2,1696.0,211.5,236,,236,,236,
P115,147,XI,naranja,6,estimacion,,,,,1354.9,1354.9,691.6,147,,147,,147,
P116,158,XI,naranja,6,estimacion,,,,,1398.7,1398.7,729.9,158,,158,,158,
P117,154,XI,naranja,6,estimacion,,,,,1383.0,1383.0,716.2,154,,154,,154,
P118,508,IX,blanco,1,estimacion,,,,,1723.7,2243.7,216.7,651,,507,,507,
P119,138,IX,rojo,4,estimacion,,,,,864.5,1337.8,147.5,210,,210,,210,
P120,110,IX,rojo,4,estimacion,,,,,766.4,1181.1,119.7,194,,194,,194,
P121,320,IX,amarillo,2,estimacion,,,,,1241.9,1426.3,119.6,409,,314,,314,
P122,352,IX,amarillo,2,estimacion,,,,,1307.5,1512.4,130.3,451,,345,,345,
P123,115,IX,verde,3,estimacion,,,,,761.5,754.8,35.0,112,,112,,112,
P124,51,IX,verde,3,estimacion,,,,,604.8,649.4,29.0,71,,71,,71,
P125,51,IX,verde,3,estimacion,,,,,604.8,649.4,29.0,71,,71,,71,
P126,91,IX,azul,5,estimacion,,,,,1194.0,841.8,41.9,39,,39,,39,
P127,97,IX,azul,5,estimacion,,,,,1228.9,860.0,43.2,41,,41,,41,
P128,38,IX,cafe,4,estimacion,,,,,578.8,778.1,50.6,113,,113,,113,
P129,157,IX,lila,4,estimacion,,,,,945.9,1444.1,166.5,218,,218,,218,
P130,98,IX,naranja,6,estimacion,,,,,1139.4,1139.4,503.5,97,,97,,97,
P131,102,IX,naranja,6,estimacion,,,,,1158.5,1158.5,520.2,101,,101,,101,
P132,117,IX,naranja,6,estimacion,,,,,1227.4,1227.4,580.3,116,,116,,116,
